"","baseMean","log2FoldChange","lfcSE","stat","pvalue","padj","symbol","entrez"
"ENSG00000211677",1423.0473165165,4.85682384083532,0.62786783181647,7.73542391363507,1.03059120973595e-14,2.74601027834145e-10,"IGLC2",NA
"ENSG00000128438",511.880781007531,6.3373019519395,0.886282723179258,7.15042930003921,8.65069283114507e-13,1.1524885524293e-08,"TBC1D27",NA
"ENSG00000170476",1696.39661043642,4.87930853556747,0.693666638150516,7.03408275274257,2.00576062784205e-12,1.78144973096171e-08,"MZB1",51237
"ENSG00000211899",10346.35902093,4.71479261600095,0.68704664297438,6.86240543377018,6.77105622086461e-12,4.51036982512344e-08,"IGHM",NA
"ENSG00000143297",1938.07908585284,4.77006521776339,0.69962973831155,6.81798522354869,9.23261361536262e-12,4.92005979562674e-08,"FCRL5",83416
"ENSG00000160856",939.073221609749,4.50564701879021,0.670871038732116,6.71611495900234,1.86633573708928e-11,8.28808595245729e-08,"FCRL3",115352
"ENSG00000156234",820.91682696051,6.62451868864223,0.995224725932787,6.65630436626594,2.80798461989789e-11,1.06883928853113e-07,"CXCL13",10563
"ENSG00000211671",2136.84293281578,5.95028567476622,0.89664351871789,6.63617764535289,3.21921838131444e-11,1.07220092212654e-07,NA,NA
"ENSG00000211904",170.494913685056,7.20944334693381,1.09925424045466,6.55848581848718,5.43568752569802e-11,1.60926549024693e-07,"IGHJ2",NA
"ENSG00000026751",884.988746826586,3.64545385931651,0.557455195273046,6.53945624729703,6.1742900907098e-11,1.64513959466962e-07,"SLAMF7",57823
"ENSG00000132704",797.10085009227,5.26937025473277,0.810609548935039,6.50050355520183,8.00515973787811e-11,1.93906801105239e-07,"FCRL2",79368
"ENSG00000211890",9674.73365512224,4.44233282865512,0.692091455477295,6.41870780732512,1.37435907030529e-10,2.81690749448342e-07,"IGHA2",NA
"ENSG00000211644",3000.6046291865,4.85343943784316,0.755806929768078,6.42153339257216,1.34908410966606e-10,2.81690749448342e-07,"IGLV1-51",NA
"ENSG00000167483",1017.50460633551,4.46258211940463,0.696791068193093,6.40447664028892,1.50886052426403e-10,2.82088551048553e-07,"FAM129C",199786
"ENSG00000211668",2263.49665831195,5.5788649189509,0.872151674043331,6.39666824588785,1.58803838083254e-10,2.82088551048553e-07,"IGLV2-11",NA
"ENSG00000156738",6391.71159809617,4.89272509842374,0.77058823466835,6.34933791914108,2.16243561941143e-10,3.6011310674511e-07,"MS4A1",931
"ENSG00000211937",1263.17687017111,6.75559567334457,1.07179242738122,6.30308210877262,2.91784211986133e-10,4.57328842845324e-07,"IGHV2-5",NA
"ENSG00000211667",50.7089817297384,7.24719777326314,1.15794321380718,6.25868150255418,3.88245859831771e-10,5.74711718623197e-07,"IGLV3-12",NA
"ENSG00000169245",314.780383674076,4.14808541527837,0.667193934600663,6.21721091898285,5.06069317058609e-10,7.09695629106665e-07,"CXCL10",3627
"ENSG00000253998",79.4250754263956,6.58509206195772,1.06410784810423,6.18836903955691,6.07898801999015e-10,7.7130778948875e-07,"IGKV2-29",NA
"ENSG00000240505",221.930057821755,5.34373186115591,0.863114309069663,6.19122149291654,5.96997482168381e-10,7.7130778948875e-07,"TNFRSF13B",23495
"ENSG00000243290",1023.85816259102,5.39378589118572,0.875192566650616,6.16297040984692,7.13928523892508e-10,8.64664796323448e-07,"IGKV1-12",NA
"ENSG00000211611",249.059254728956,6.71878233190395,1.09804823701814,6.11884078075612,9.42585252539835e-10,1.07117480352544e-06,"IGKV6-21",NA
"ENSG00000110777",2371.80557766588,3.43964249146823,0.562481570233413,6.11512034081557,9.64841256693961e-10,1.07117480352544e-06,"POU2AF1",5450
"ENSG00000244437",2241.38341792502,5.38577334090799,0.891538202914496,6.04098996913599,1.5317150251964e-09,1.56971334024454e-06,"IGKV3-15",NA
"ENSG00000105369",2475.47455201056,4.71588170449323,0.780044310501354,6.04565874144024,1.48800758859817e-09,1.56971334024454e-06,"CD79A",973
"ENSG00000177455",1363.13165146012,4.90603828868135,0.817094684852028,6.00424697361702,1.92221920062671e-09,1.84555980385056e-06,"CD19",930
"ENSG00000211663",1774.41045057007,5.77461199000199,0.961986122526107,6.00280176063067,1.93941356756673e-09,1.84555980385056e-06,"IGLV3-19",NA
"ENSG00000211676",36.9551291166357,6.83726128570557,1.14339309620733,5.97979934318736,2.23412651734173e-09,2.0527000363645e-06,"IGLJ2",NA
"ENSG00000211973",3646.77049675193,5.81608809134561,0.974191466768983,5.97016940687782,2.37007364367599e-09,2.10502040785822e-06,"IGHV1-69",NA
"ENSG00000117322",1114.17594120137,5.26941682321354,0.884654858123658,5.9564662702355,2.57750278844196e-09,2.21540521929148e-06,"CR2",1380
"ENSG00000231486",306.797779687624,5.47909930253681,0.930657123005791,5.88734472352253,3.9244959205266e-09,3.26775605632597e-06,NA,NA
"ENSG00000211673",1860.45939483352,5.83908596407223,0.994058529896431,5.87398607673594,4.2543912011452e-09,3.43509859256103e-06,"IGLV3-1",NA
"ENSG00000269404",466.286460185299,4.65785932387823,0.796938056456422,5.84469430985559,5.07499343786731e-09,3.97715294564631e-06,"SPIB",6689
"ENSG00000211659",812.985083942153,4.59917678098503,0.790424154040053,5.8186187219577,5.93359082250447e-09,4.51715792758948e-06,"IGLV3-25",NA
"ENSG00000211660",2799.06946146828,5.31039916805572,0.920393096773641,5.76970773321841,7.94091344153606e-09,5.87737885138134e-06,"IGLV2-23",NA
"ENSG00000244116",1073.52330468791,5.37412450792385,0.932560569697152,5.76276188652185,8.27485007446404e-09,5.95901027659714e-06,"IGKV2-28",NA
"ENSG00000253701",68.7029122776561,5.56579070228848,0.971807140377799,5.72725849711777,1.02066585022427e-08,7.15674778400677e-06,"AL928768.3",NA
"ENSG00000260655",406.373898392018,4.25493594511157,0.745964662689764,5.70393767684561,1.17070896484286e-08,7.99834368416362e-06,NA,NA
"ENSG00000240382",694.148162068362,5.19565628735888,0.911740569203661,5.69861259096642,1.20786351993124e-08,8.04588087214197e-06,"IGKV1-17",NA
"ENSG00000164303",101.853173060018,4.05669418754844,0.713130133041291,5.68857491724243,1.28103909912845e-08,8.12697304673274e-06,"ENPP6",133121
"ENSG00000242887",270.676446910078,5.00933845268854,0.880127406806502,5.69160602652368,1.25849969063297e-08,8.12697304673274e-06,"IGHJ3",NA
"ENSG00000254098",23.603780007058,6.09627237831099,1.07324909419845,5.68020267733274,1.3453522607375e-08,8.33649092729086e-06,"IGKV2-26",NA
"ENSG00000211658",143.489621373848,7.48568543252469,1.32165639622266,5.66386653438747,1.47999537879336e-08,8.96238110635205e-06,"IGLV3-27",NA
"ENSG00000211893",16252.9524154593,4.79986188324773,0.851154603781172,5.639236235021,1.70806071733845e-08,1.01136172918851e-05,"IGHG2",NA
"ENSG00000239862",22.9786445320551,5.54968240071098,0.985041234481461,5.63395947950585,1.76118418653887e-08,1.02014679674626e-05,"IGKV1-37",NA
"ENSG00000226025",77.1149982138902,4.5807395021525,0.813698246916248,5.62953099568861,1.80700298952657e-08,1.0244169075731e-05,"LGALS17A",400696
"ENSG00000244575",462.641033236062,4.85310427966082,0.864579215259106,5.61325578270626,1.98554761030716e-08,1.10218575159655e-05,"IGKV1-27",NA
"ENSG00000138755",2458.11773346996,3.83486168249396,0.683973181014375,5.60674276264257,2.06169726842381e-08,1.12110048402352e-05,"CXCL9",4283
"ENSG00000211895",84148.2281481022,4.21713657891424,0.753165294838232,5.59921787131736,2.15321047084788e-08,1.14744585991483e-05,"IGHA1",NA
"ENSG00000211953",2335.30365176494,5.14935733535457,0.920918406572613,5.5915456772321,2.25057069582989e-08,1.17581286647819e-05,NA,NA
"ENSG00000122224",604.987881171979,3.08072061081752,0.55234173039321,5.57756265966789,2.43911937909467e-08,1.24981415107649e-05,"LY9",4063
"ENSG00000224650",524.162789144595,4.44395183964236,0.798388330970195,5.56615329565514,2.60424162939677e-08,1.30924562670334e-05,"IGHV3-74",NA
"ENSG00000241755",1226.45217886711,5.1212296184524,0.922987042467318,5.54853901823193,2.88066601722942e-08,1.42139529683478e-05,"IGKV1-9",NA
"ENSG00000116748",61.8793437891071,3.50936648453337,0.636003944190971,5.51783761183661,3.43196330771203e-08,1.54990953108453e-05,"AMPD1",270
"ENSG00000230006",891.828447555407,3.26477250252491,0.591268449743008,5.52164165692239,3.35846889838325e-08,1.54990953108453e-05,"ANKRD36BP2",645784
"ENSG00000240834",192.220579683712,5.76890131861854,1.04432250778146,5.52406107848226,3.31252222458842e-08,1.54990953108453e-05,NA,NA
"ENSG00000211942",200.908839304864,6.84151243263885,1.23844493794727,5.52427663354877,3.30845837865069e-08,1.54990953108453e-05,"IGHV3-13",NA
"ENSG00000159958",216.835528684397,4.76966333003278,0.864386897168809,5.51797273380151,3.42932622518977e-08,1.54990953108453e-05,"TNFRSF13C",100616259
"ENSG00000239975",42.8503471850787,6.64305249728049,1.20727780477164,5.50250528173759,3.7443200574688e-08,1.6627901321876e-05,"IGKV1D-33",NA
"ENSG00000211637",651.993268484378,5.04147158310556,0.916706671052452,5.49954717501679,3.80767828164772e-08,1.66320635761481e-05,"IGLV4-69",NA
"ENSG00000254030",31.1953862526549,5.40514698918865,0.984798199923579,5.48858333576167,4.05170105688476e-08,1.74125120420475e-05,"IGLC5",NA
"ENSG00000223350",194.167597132962,6.35682097073317,1.16204777552111,5.47036111994835,4.49119523471048e-08,1.89949042902953e-05,"IGLV9-49",NA
"ENSG00000226777",504.346928156471,4.95560552298033,0.906606391620199,5.46610477135966,4.6003249352034e-08,1.91524465466398e-05,"FAM30A",9834
"ENSG00000271856",215.133748338204,4.11807432947199,0.754890359357839,5.45519528554465,4.89190528250056e-08,2.00530486541888e-05,"LINC01215",101929623
"ENSG00000243264",177.43981984671,5.46318044845519,1.00247259116825,5.44970555463125,5.04532799142457e-08,2.03686006562891e-05,"IGKV2D-29",NA
"ENSG00000231475",709.573030000159,4.99995177149495,0.918062893319528,5.44619743143756,5.14580184746117e-08,2.04641627202392e-05,"IGHV4-31",NA
"ENSG00000253234",26.5473817290236,5.21636233289502,0.958331413428948,5.4431715999277,5.23401812637137e-08,2.05088842613478e-05,"IGLV2-5",NA
"ENSG00000089012",287.735311973963,3.13689780920065,0.57781108461126,5.42893324954313,5.66918806618655e-08,2.18921037715276e-05,"SIRPG",55423
"ENSG00000132465",8737.15022130682,4.1039705738528,0.756303479420116,5.42635421563769,5.75167615526936e-08,2.18933444510217e-05,"JCHAIN",3512
"ENSG00000211664",145.069478664287,5.20503133463298,0.95978510698172,5.42312158916643,5.85671246212577e-08,2.19791695145551e-05,"IGLV2-18",NA
"ENSG00000187862",108.432627674334,3.85119795713021,0.717663121558738,5.36630327160402,8.03667680613011e-08,2.91668941735779e-05,"TTC24",164118
"ENSG00000211598",3430.49589631238,4.68996614114203,0.874198095873229,5.36487801023779,8.10039470386476e-08,2.91668941735779e-05,"IGKV4-1",NA
"ENSG00000242076",608.695580229034,5.22628634984331,0.973301679773352,5.36964690234618,7.88909519091053e-08,2.91668941735779e-05,"IGKV1-33",NA
"ENSG00000035720",209.229148394456,3.93048548185223,0.735854994288489,5.34138588765397,9.22386715071824e-08,3.23381500303799e-05,"STAP1",26228
"ENSG00000102096",2600.57197921862,2.3874819245583,0.446836587235761,5.34307617764212,9.1382336498835e-08,3.23381500303799e-05,"PIM2",11040
"ENSG00000181847",600.101074735746,3.07178130038717,0.575363960598516,5.33884899080536,9.35385113679224e-08,3.23679692908869e-05,"TIGIT",201633
"ENSG00000222037",946.788262345442,5.82023238325833,1.09152519974961,5.33220156950429,9.7029146742482e-08,3.31454053199158e-05,"IGLC6",NA
"ENSG00000240671",146.759540619009,4.89951188483709,0.919376739386575,5.32916667883738,9.86644176950341e-08,3.32773849301795e-05,"IGKV1-8",NA
"ENSG00000211674",118.895308672415,4.78132424468597,0.901240191823138,5.30527187764866,1.12505185276813e-07,3.74712582712585e-05,"IGLJ1",NA
"ENSG00000158488",83.1888941003322,3.85424590762784,0.727101985923718,5.30083259603723,1.15275753758205e-07,3.79200303566342e-05,"CD1E",913
"ENSG00000254046",16.4779075627624,5.58752969615783,1.06156661946264,5.26347531442371,1.41357495381671e-07,4.59325666395686e-05,"IGHV1-17",NA
"ENSG00000137265",1267.16687515097,3.10597002733778,0.592262200341367,5.24424828318871,1.569207739853e-07,5.03753496727507e-05,"IRF4",3662
"ENSG00000211962",927.276275900443,4.62267781290789,0.88218067752583,5.24005788232937,1.60526238111535e-07,5.09193049343076e-05,"IGHV1-46",NA
"ENSG00000163534",1095.99889875323,4.25320923198048,0.813401561659991,5.22891697343256,1.7050591022344e-07,5.3448587975336e-05,"FCRL1",115350
"ENSG00000211955",1088.42868513581,5.0252770452695,0.967361644360618,5.19482767852655,2.04909554023433e-07,6.34862217087716e-05,"IGHV3-33",NA
"ENSG00000211638",625.230066383799,5.76695811099205,1.11132785399118,5.18925004019365,2.11142720975283e-07,6.46654919584645e-05,"IGLV8-61",NA
"ENSG00000211961",35.3553196067602,5.6867701323365,1.10416457591418,5.15029213614123,2.60081033634244e-07,7.87483993316414e-05,"IGHV1-45",NA
"ENSG00000227507",966.623131135322,3.64313262024619,0.709151957136875,5.13730884274077,2.78700724674801e-07,8.3437986617529e-05,"LTB",4050
"ENSG00000205056",339.741000187722,3.42886948293913,0.668505605186706,5.12915592081159,2.91044210404638e-07,8.61652554025732e-05,"RP11-693J15.5",100507616
"ENSG00000211939",412.483927551316,5.20778821036443,1.02113823882431,5.09998354028974,3.39683019405901e-07,9.94599346381345e-05,NA,NA
"ENSG00000150556",42.2281712995129,4.57282971689383,0.897873908099844,5.09295311473216,3.52528899815729e-07,0.000102099266691197,"LYPD6B",130576
"ENSG00000225523",60.0600335050071,6.37438689606293,1.25355010262581,5.08506750764132,3.67495333672342e-07,0.000104350381529811,"IGKV6D-21",NA
"ENSG00000211933",229.757678793107,4.61215156587147,0.907057888801296,5.08473783516349,3.68134203933281e-07,0.000104350381529811,"IGHV6-1",NA
"ENSG00000198796",160.716288510579,4.61431208011218,0.910415554624901,5.06835813236223,4.01261888420822e-07,0.000112543400178661,"ALPK2",115701
"ENSG00000241294",259.306327957974,4.42851211611055,0.879001746880007,5.03811526180629,4.70138311475881e-07,0.000130327858948029,"IGKV2-24",NA
"ENSG00000241566",14.065160100615,5.55658464973834,1.10329247239535,5.03636595804418,4.74453080050998e-07,0.000130327858948029,"IGKV2D-24",NA
"ENSG00000186891",197.990636960817,2.59647887988045,0.516342464814813,5.02859837571501,4.94078014831908e-07,0.000130343650546497,"TNFRSF18",8784
"ENSG00000132185",345.205739653331,4.79305798643339,0.952670418323508,5.03118171221074,4.87465851949811e-07,0.000130343650546497,"FCRLA",84824
"ENSG00000237988",84.6460923356748,4.90791199915266,0.975776001022436,5.02975272399614,4.91112789210666e-07,0.000130343650546497,"OR2I1P",NA
"ENSG00000124256",475.262645353267,2.81997769386912,0.560408172919465,5.03200672320383,4.85372239243509e-07,0.000130343650546497,"ZBP1",81030
"ENSG00000088340",1482.90957364245,2.48490098957062,0.494782775867833,5.02220592705998,5.10813720590813e-07,0.000133437564560218,"FER1L4",NA
"ENSG00000174255",136.007861640599,3.36640996258759,0.670698288767919,5.01926129671767,5.18705552106792e-07,0.00013418358675617,"ZNF80",7634
"ENSG00000211900",545.583706942262,4.5584041259606,0.909743965937295,5.01064507887574,5.42478835209464e-07,0.000138984120809194,"IGHJ6",NA
"ENSG00000211594",3195.13932975553,4.50711680721107,0.901122924871246,5.00166701213939,5.68366987251071e-07,0.000141810014027904,"IGKJ4",NA
"ENSG00000242534",20.9219273793173,5.30264702344472,1.06025554494026,5.00129147991724,5.69475380033244e-07,0.000141810014027904,"IGKV2D-28",NA
"ENSG00000211957",17.5771404556727,5.53943091516064,1.10712001410095,5.00346018914582,5.63102993296527e-07,0.000141810014027904,"IGHV3-35",NA
"ENSG00000211652",292.355649697464,4.81710559446449,0.963563652285406,4.99926038413669,5.75506417662342e-07,0.000141984893505677,"IGLV7-43",NA
"ENSG00000163599",481.534287399328,3.11743002658029,0.623941728191791,4.99634803335678,5.8426176648883e-07,0.00014282252080821,"CTLA4",1493
"ENSG00000242472",273.032904261269,4.36754800865575,0.874954771995983,4.99174145732393,5.98373177601973e-07,0.000144942302883678,"IGHJ5",NA
"ENSG00000197794",14.5958980768934,5.17884706367744,1.03888683409192,4.98499633812784,6.19629864269437e-07,0.000148739078679812,"IGKV7-3",NA
"ENSG00000168081",81.5994888035239,3.25596678385605,0.655403921933314,4.96787808997478,6.76894927077869e-07,0.000160512610968797,"PNOC",5368
"ENSG00000083454",1269.60895006682,2.94801196730481,0.5935454999671,4.96678345209966,6.80725278268869e-07,0.000160512610968797,"P2RX5",5026
"ENSG00000235621",94.6858504282273,4.42985356043648,0.892808162082885,4.96170817939412,6.98759237062896e-07,0.000163319647995972,"LINC00494",284749
"ENSG00000167476",130.740475786846,3.35891491818089,0.677511973872276,4.95772037648756,7.132511738603e-07,0.000165257195891371,"JSRP1",105372240
"ENSG00000211956",1022.56042333146,4.69238409668609,0.946873363387701,4.95566173695899,7.20845303954667e-07,0.000165576923481656,"IGHV4-34",NA
"ENSG00000224607",52.4763981215385,5.6221241721229,1.13603393845502,4.94890511789539,7.46321155545414e-07,0.000169963480252201,"IGKV1D-27",NA
"ENSG00000242580",47.709823660265,6.32760753034239,1.28016427391117,4.94280902794623,7.70049066065205e-07,0.000172450602116229,"IGKV1D-43",NA
"ENSG00000213886",48.0944707148907,4.87437010315426,0.986486324232251,4.94114310905204,7.76658744753141e-07,0.000172450602116229,"UBD",10537
"ENSG00000211896",197584.13661074,4.77154300284939,0.965517617001182,4.94195333034876,7.73437323712205e-07,0.000172450602116229,"IGHG1",NA
"ENSG00000253274",95.96274771611,6.15764797652294,1.24708813038103,4.93762054702708,7.90815238678889e-07,0.000174142744087595,"IGHV1-67",NA
"ENSG00000135925",113.428464844102,2.92106210054317,0.593219697301969,4.92408143867861,8.47575355765851e-07,0.000185111847167058,"WNT10A",80326
"ENSG00000154451",1061.83545463586,2.48601201935921,0.509859691926449,4.87587479207483,1.08327306512927e-06,0.000230910486562956,"GBP5",115362
"ENSG00000239571",16.5457466416292,5.02822326103997,1.03086625494966,4.87766791947759,1.07347451844612e-06,0.000230910486562956,"IGKV2D-30",NA
"ENSG00000241106",675.244753962572,2.66903371268154,0.547306516412791,4.87667080994244,1.07891264703856e-06,0.000230910486562956,"HLA-DOB",3112
"ENSG00000224041",187.611800330892,5.42896513030007,1.11589169490607,4.8651362449266,1.143779890787e-06,0.000241873136428728,"IGKV3D-15",NA
"ENSG00000271130",7.54032454159689,5.16282648056444,1.06334608416153,4.85526448770011,1.20226166372369e-06,0.00025223828370014,"IGHV3OR16-8",NA
"ENSG00000239819",59.834783131435,5.30848135467147,1.09839931941978,4.83292483964358,1.34541592229566e-06,0.000275758517304369,"IGKV1D-8",NA
"ENSG00000211670",212.312909149171,4.51098693159423,0.933169901693135,4.83404675119669,1.33785145532235e-06,0.000275758517304369,"IGLV3-9",NA
"ENSG00000100385",963.253469133785,2.20487535745505,0.456033228616657,4.83490065875984,1.33212143228015e-06,0.000275758517304369,"IL2RB",3560
"ENSG00000117215",182.976642850068,5.23079999146026,1.08304064678464,4.82973562164044,1.3671445039659e-06,0.000278073017619629,"PLA2G2D",26279
"ENSG00000254395",80.4584667091795,4.73379153490163,0.981035934204315,4.82529881919264,1.39793512682486e-06,0.0002821816776837,"IGHV4-55",NA
"ENSG00000272666",21.007299015351,3.20474435499105,0.665597419746251,4.8148389100018,1.4731868200499e-06,0.000295135810678417,"CTA-384D8.35",105373098
"ENSG00000268088",5.07690018626885,5.39951517441136,1.12233526394935,4.8109645556455,1.50203654773387e-06,0.000298669879211708,"AC093063.2",NA
"ENSG00000240041",736.543488452833,4.30153878853297,0.895393418454697,4.80407684474242,1.5546711671818e-06,0.000306846024070808,"IGHJ4",NA
"ENSG00000240864",616.536462551163,4.53359596225945,0.944296250896043,4.80103141144266,1.57850504116037e-06,0.000309259314865574,"IGKV1-16",NA
"ENSG00000211934",1396.701672903,5.57649726181965,1.16520850770454,4.7858363760194,1.70276740053607e-06,0.000326404585520026,"IGHV1-2",NA
"ENSG00000260719",75.3934497144096,3.21111559114545,0.670781821339262,4.78712375468709,1.69188514945583e-06,0.000326404585520026,"AC009133.17",NA
"ENSG00000126583",26.3791549970015,3.1168853560749,0.651118600100789,4.78697023183246,1.69317936394115e-06,0.000326404585520026,"PRKCG",5582
"ENSG00000240954",9.43270737944249,4.32171147063722,0.903591386605796,4.78281614311428,1.72856219213113e-06,0.000328982425780957,"RPL4P1",NA
"ENSG00000211650",303.817510110195,5.30024117450919,1.10982481750313,4.7757457671866,1.7904247506149e-06,0.00033833948567471,"IGLV5-45",NA
"ENSG00000211979",28.2971400477882,6.65184154258343,1.39360106962927,4.77313177174368,1.81383028486359e-06,0.000340348647466129,"IGHV7-81",NA
"ENSG00000211935",604.512617419114,5.01866020243367,1.05196167099171,4.77076336602878,1.83529047352256e-06,0.000341967235433627,"IGHV1-3",NA
"ENSG00000211648",1218.56260879554,4.53115357257717,0.951015118983741,4.76454420348141,1.89281021269758e-06,0.000350235611925882,"IGLV1-47",NA
"ENSG00000211639",151.67655909473,4.85093799176475,1.01959548773939,4.75770837562266,1.95803093234203e-06,0.000359805063394851,"IGLV4-60",NA
"ENSG00000049249",24.1352065942948,3.39889185752184,0.71501286833897,4.75360935169982,1.99816949772804e-06,0.000364665933335368,"TNFRSF9",3604
"ENSG00000270999",14.4085789289092,5.07395837290577,1.06818602957503,4.75006996199381,2.03346285334418e-06,0.000368582433519427,"IGKV1OR2-118",NA
"ENSG00000196092",562.727496963298,4.30748392149632,0.907495394074682,4.7465628471739,2.06902456769427e-06,0.000372494321663607,"PAX5",5079
"ENSG00000134242",412.71302924747,1.95433763695215,0.412210413778612,4.74111660362316,2.12543557057818e-06,0.000378808015621442,"PTPN22",26191
"ENSG00000211595",1481.084265428,4.25852780975039,0.898591210053202,4.73911580939931,2.14652804204545e-06,0.000378808015621442,"IGKJ3",NA
"ENSG00000211923",17.7301393896146,5.45070781449297,1.15015786695048,4.7390953634434,2.14674461845891e-06,0.000378808015621442,"IGHD3-10",NA
"ENSG00000122188",274.939527130764,2.57053316326608,0.543747423564375,4.72743971165088,2.27368540926623e-06,0.000393409561889828,"LAX1",54900
"ENSG00000121895",223.258902654917,2.78781322965012,0.589681911655486,4.72765600325699,2.27126548287905e-06,0.000393409561889828,"TMEM156",80008
"ENSG00000225783",2635.2996297846,2.12918427483786,0.450389326817781,4.72743057630068,2.27378767239758e-06,0.000393409561889828,"MIAT",440823
"ENSG00000235896",74.4865319861572,6.72922866955401,1.42414820510294,4.72509015946665,2.30013283275322e-06,0.000395400253733611,NA,NA
"ENSG00000188848",100.559935896402,4.04440148456974,0.857219734334844,4.71804523691696,2.38121553308326e-06,0.000406714665891048,"BEND4",389206
"ENSG00000242371",2242.24372950485,4.54453248659886,0.965122144965713,4.70876407748401,2.4922332831237e-06,0.000422965323750515,"IGKV1-39",NA
"ENSG00000255733",72.12588502321,3.61430752288032,0.771515305285447,4.68468674324366,2.80388427386648e-06,0.000469871047026242,"IFNG-AS1",100885789
"ENSG00000102678",73.3032942970011,2.62254507411407,0.559679468438358,4.68579825061585,2.78870867586222e-06,0.000469871047026242,"FGF9",2254
"ENSG00000237513",76.5533895897496,2.86601592199534,0.612773117971801,4.67712410668646,2.90926198223528e-06,0.000481473823084839,"RP11-325F22.2",NA
"ENSG00000211945",1390.50795721443,4.42555908656918,0.946194227232042,4.67722055281982,2.90789449067684e-06,0.000481473823084839,"IGHV1-18",NA
"ENSG00000211640",1246.86604835477,4.70630066091023,1.00687629767918,4.6741597470892,2.95159528819168e-06,0.000485464546011526,"IGLV6-57",NA
"ENSG00000230709",10.4956470157493,4.28900688970951,0.917865462960137,4.67280561562625,2.97112937289579e-06,0.000485679399636861,"AC104024.1",NA
"ENSG00000211959",2073.2200791479,4.63149914593994,0.996177445768588,4.64927123738138,3.33109915494237e-06,0.000541202054777069,"IGHV4-39",NA
"ENSG00000089692",316.693641019939,2.25501604515874,0.485675811078648,4.64304788033509,3.43306751637657e-06,0.000554388387720325,"LAG3",3902
"ENSG00000188282",99.9992816986629,3.42071847617657,0.739876872159154,4.62336181180258,3.77570304858453e-06,0.000606045829695993,"RUFY4",285180
"ENSG00000197540",172.375196076591,2.2915493483096,0.497836234534083,4.60301840112989,4.16411421548219e-06,0.000664388163302532,"GZMM",3004
"ENSG00000104814",1362.73086296666,2.12126072133145,0.461703869483626,4.59441833074497,4.33958040610319e-06,0.000684190058701891,"MAP4K1",11184
"ENSG00000167077",495.709881369256,1.90761744876178,0.415136797989499,4.59515383362868,4.32430125433073e-06,0.000684190058701891,"MEI1",150365
"ENSG00000137571",57.6509195082122,2.56041508711346,0.558518309810786,4.58429928283081,4.55511409993287e-06,0.000713947148192419,"SLCO5A1",81796
"ENSG00000270505",70.8774695992619,3.25801030352236,0.713679049222162,4.56509169923547,4.99276049903777e-06,0.000773442462191054,"IGHV1OR15-1",NA
"ENSG00000147168",1773.60788783997,2.11911591828135,0.464080172197054,4.56627118596557,4.96476409128535e-06,0.000773442462191054,"IL2RG",3561
"ENSG00000170439",156.448207086926,-2.31963956642051,0.508384900135775,-4.56276251674862,5.04849089497582e-06,0.000777093844186855,"METTL7B",196410
"ENSG00000268543",13.5838327355696,-1.0605819126647,0.232498234508188,-4.56167727427346,5.0746604949714e-06,0.000777093844186855,"CTD-2619J13.16",NA
"ENSG00000005844",2950.12059198712,2.21302787198807,0.485332466475699,4.5598183201265,5.11978953148662e-06,0.000779524526094062,"ITGAL",3683
"ENSG00000100721",443.216474155192,5.00665274312022,1.09903212928288,4.55551080784787,5.2258428415136e-06,0.000791151037000738,"TCL1A",8115
"ENSG00000141026",1433.30036435232,-0.708780600691935,0.156249241441762,-4.53621786673516,5.72720171644482e-06,0.000862154179291933,"MED9",55090
"ENSG00000170858",5.24211321450633,3.91930292173403,0.867211485993224,4.51943151703673,6.20059001127949e-06,0.000928172589047988,"LILRP2",79166
"ENSG00000223511",51.958479414128,2.96366345002058,0.656797345579959,4.51229510893293,6.41298744551367e-06,0.000954603633998389,"RP13-297E16.4",NA
"ENSG00000172543",380.862368203255,1.89994074090708,0.421661388970793,4.50584471474736,6.61094214766058e-06,0.000978603075135646,"CTSW",1521
"ENSG00000211947",1016.74620325282,4.38603252138948,0.97727470758595,4.48802418331668,7.18867702069626e-06,0.00105824474705222,"IGHV3-21",NA
"ENSG00000079263",688.71900343764,2.32148896251798,0.517470643963103,4.48622349808795,7.24966939741872e-06,0.00106135956645177,"SP140",11262
"ENSG00000130487",175.068238014563,3.0138895171519,0.672131258492707,4.48407878531154,7.32296042003534e-06,0.00106495869683153,"KLHDC7B",113730
"ENSG00000078589",239.400076377873,2.76085647191897,0.615826696644241,4.48317113721021,7.35419028774636e-06,0.00106495869683153,"P2RY10",27334
"ENSG00000267074",74.1296104763123,2.24157080080955,0.500142370135272,4.48186543404287,7.39933969684796e-06,0.00106570489850007,"RP11-1094M14.5",NA
"ENSG00000232613",17.66542901776,4.16098768319052,0.929603785711814,4.47608728271731,7.60234150860306e-06,0.00108905585750929,"AC007386.4",NA
"ENSG00000082196",509.383212129419,1.46657521069078,0.328323661689781,4.46685810928997,7.93767383911983e-06,0.00113101240344036,"C1QTNF3",114899
"ENSG00000122223",99.9976403240473,2.14303458361285,0.481175031821233,4.45375267187395,8.43822986901213e-06,0.00119593954712675,"CD244",51744
"ENSG00000211593",2180.15567431802,4.43915595489127,0.99749721011154,4.45029410598039,8.57527721801033e-06,0.00120893260039093,"IGKJ5",NA
"ENSG00000197057",213.340985677476,2.37639807991209,0.534538932682248,4.44569690740322,8.76073937320841e-06,0.00122857842420599,"DTHD1",401124
"ENSG00000243063",83.059286565787,4.83871522907934,1.08928446194583,4.44210433373459,8.90833433389105e-06,0.00124273595982475,"IGKV3-7",NA
"ENSG00000196684",1261.93449764726,1.94761237131091,0.438762849481611,4.43887255635241,9.04313414466906e-06,0.00124846792375496,"HSH2D",84941
"ENSG00000227039",1182.80287932172,2.56301295316345,0.577314789038714,4.43954148036137,9.01507385875892e-06,0.00124846792375496,"ITGB2-AS1",100505746
"ENSG00000161570",1805.05973754016,2.28694390112371,0.515709529418726,4.43455815854596,9.22613116525024e-06,0.00126716631390769,NA,NA
"ENSG00000230099",13.4673118800589,3.42767104502885,0.773790995093167,4.42971172676434,9.4359134167896e-06,0.00128933288713005,"TRBV5-4",NA
"ENSG00000253705",21.2653180632281,4.60905456495837,1.0416428368361,4.4247936067587,9.65345308327667e-06,0.00131232784389748,NA,NA
"ENSG00000241244",65.9288789248777,4.95305869365782,1.12054276153007,4.42023175170446,9.85951062313424e-06,0.00133353634798686,"IGKV1D-16",NA
"ENSG00000270356",15.6373599212572,4.56732369371046,1.03571106348494,4.40984349278112,1.03445353976046e-05,0.00139207144277361,"IGHV1OR15-4",NA
"ENSG00000253325",8.68611073003427,5.10630497558198,1.15890127805081,4.40616044894734,1.05219037174687e-05,0.00140882474649223,"IGHV7-34-1",NA
"ENSG00000117560",72.8335951941643,2.32599657460951,0.528710025559994,4.39938049622926,1.08560338809497e-05,0.00144629511378952,"FASLG",356
"ENSG00000211976",197.436356709787,4.35527201405437,0.990471849886292,4.39716889940322,1.09672002151048e-05,0.00145383606831575,"IGHV3-73",NA
"ENSG00000211795",18.4191084296043,3.31828819997716,0.756296451013979,4.38754961170091,1.14634850543487e-05,0.00151210177857981,"TRAV8-6",NA
"ENSG00000253755",4425.66141735232,4.18078033524387,0.953713845649286,4.38368421965983,1.16688884443356e-05,0.0015316134610804,"IGHGP",NA
"ENSG00000211666",4892.31453296825,4.18044486097398,0.953971608879133,4.38214808707545,1.17514886310485e-05,0.00153489418908965,"IGLV2-14",NA
"ENSG00000159753",1597.82764608689,2.43138300767045,0.555715060031496,4.37523324909107,1.21302699192819e-05,0.00157042355113822,"CARMIL2",146206
"ENSG00000177602",67.0990101338689,2.06109015150728,0.471102720260399,4.37503343298044,1.21413868093253e-05,0.00157042355113822,"GSG2",83903
"ENSG00000233355",373.423344421768,2.95699731910034,0.676677520347173,4.36987668451472,1.24316720124015e-05,0.00160020241918086,"CHRM3-AS2",100506915
"ENSG00000165272",493.607334243892,2.21432669810791,0.506965623718156,4.3678044319213,1.25501793352595e-05,0.00160769004032688,"AQP3",360
"ENSG00000272086",116.254692612117,-0.661984968712437,0.151765516431669,-4.36189316438356,1.28941833246823e-05,0.00164385413725435,"CTD-2186M15.3",NA
"ENSG00000225492",249.599483980752,1.5745816370735,0.361088027992231,4.36065866217911,1.2967151571342e-05,0.00164528454104003,"GBP1P1",400759
"ENSG00000185155",25.7226737583447,2.87964884202784,0.660541227385844,4.35952931117461,1.30342495226472e-05,0.00164596008782433,"MIXL1",83881
"ENSG00000109705",68.6150292459044,2.39262508591272,0.55017758423815,4.34882327898886,1.36869946254473e-05,0.00169304659969187,"NKX3-2",579
"ENSG00000169248",78.1181114153589,3.77227086014859,0.866857737085035,4.35166083056896,1.35110157764156e-05,0.00169304659969187,"CXCL11",6373
"ENSG00000255833",25.6999233787777,3.72505897055829,0.856155963480553,4.35091166732602,1.35572664137101e-05,0.00169304659969187,"TIFAB",497189
"ENSG00000211949",3775.33131682107,4.23760021585191,0.974560253890347,4.3482177720011,1.37248288809699e-05,0.00169304659969187,"IGHV3-23",NA
"ENSG00000105374",444.434784142148,2.14657302736927,0.493529580156199,4.34943134855238,1.36491003788494e-05,0.00169304659969187,"NKG7",4818
"ENSG00000253883",12.8955781245776,4.85229188165314,1.117828064119,4.34082131000836,1.41951128520491e-05,0.00174298977853847,"IGHV3-19",NA
"ENSG00000188403",8.09629577436225,5.69415386777858,1.31391259127,4.33373871718112,1.46598154075731e-05,0.00179179257584764,"IGHV1OR15-9",NA
"ENSG00000013725",1088.31664292744,2.26192068549682,0.522711554760042,4.327282733467,1.50960132352998e-05,0.00183185096859288,"CD6",923
"ENSG00000211897",24999.5213830356,3.84804658667201,0.889339457222349,4.32685917106446,1.51250596018177e-05,0.00183185096859288,"IGHG3",NA
"ENSG00000267121",922.947705952878,2.06940325316621,0.480059889099315,4.31071893352476,1.62724629829274e-05,0.00196189943972896,"CTD-2020K17.1",NA
"ENSG00000211772",2887.7136981479,2.37421216270915,0.55132993670296,4.30633637800863,1.65980598415547e-05,0.00199214101116318,"TRBC2",NA
"ENSG00000187912",119.982877060711,3.85408110101378,0.895315845846353,4.30471673085431,1.67199536186957e-05,0.00199777203663743,"CLEC17A",388512
"ENSG00000152766",22.0854084852522,3.05689874109117,0.71109241525572,4.29887687663194,1.71665798371996e-05,0.00203441665807746,"ANKRD22",118932
"ENSG00000268027",235.282800511207,2.15427737968116,0.501144843499106,4.29871205426261,1.71793487734069e-05,0.00203441665807746,"AC006129.2",NA
"ENSG00000166428",151.839376682442,2.51393441188179,0.585275038506938,4.29530433810221,1.74453844056703e-05,0.00205677994464197,"PLD4",122618
"ENSG00000144218",429.056246638137,2.19629817216671,0.511669971783713,4.29241169754457,1.7674284747141e-05,0.00207458729994525,"AFF3",3899
"ENSG00000009790",1612.83631500393,2.08112882222737,0.485672276612776,4.28504759782004,1.82700068668593e-05,0.00212578311339504,"TRAF3IP3",80342
"ENSG00000147138",234.349067340657,2.72529358454077,0.635965990028201,4.28528196047075,1.82507567895096e-05,0.00212578311339504,"GPR174",84636
"ENSG00000178562",445.370158827046,2.3868104870975,0.557848109209543,4.2786028090685,1.88070119317635e-05,0.00217875144748626,"CD28",940
"ENSG00000211642",94.6216602127814,4.54003620797559,1.06236397820941,4.27352235307121,1.92408985347115e-05,0.00221936684613588,"IGLV10-54",NA
"ENSG00000241657",11.0900263754605,3.43014124783479,0.803037212110601,4.27145989762971,1.94197452840514e-05,0.00223034100471357,"TRBV11-2",NA
"ENSG00000183918",310.950066260836,2.52049969953297,0.590343614135696,4.26954681846293,1.95870532867943e-05,0.00223990143702418,"SH2D1A",4068
"ENSG00000086967",112.30348003089,2.57592375094868,0.604258345876504,4.26295105152779,2.0174472347047e-05,0.00229721716105585,"MYBPC2",4606
"ENSG00000241351",4283.88787166128,4.52828221916291,1.06326332238292,4.25885302712636,2.05478510221639e-05,0.00232977655525769,"IGKV3-11",NA
"ENSG00000070190",406.180935165362,2.11034055897413,0.495669474686386,4.25755602623978,2.06673875622631e-05,0.00233340059998517,"DAPP1",27071
"ENSG00000235304",38.6458755427757,5.47747283730246,1.28720752776756,4.25531448437239,2.08755390685823e-05,0.00234695670245728,"LINC01281",286442
"ENSG00000211951",266.935109880925,4.15515594998816,0.977537373778353,4.25063640679819,2.131639668903e-05,0.00238645121755968,"IGHV2-26",NA
"ENSG00000256039",28.9979767164956,2.88216896461202,0.678245172090811,4.24945002664335,2.1429600894795e-05,0.0023890866771624,"RP11-291B21.2",NA
"ENSG00000232869",40.0604513018518,3.07072858204537,0.722904056673156,4.24776781054048,2.15910991561831e-05,0.00239706182090207,"TRBV29-1",NA
"ENSG00000163568",289.027555205537,2.52626405375557,0.595845041197155,4.23980041636307,2.23718607765399e-05,0.00247343664062617,"AIM2",9447
"ENSG00000177359",83.0264302459327,2.53075813441155,0.597455149939202,4.2358964261486,2.27641696674567e-05,0.00250641033384043,"OVOS2",408186
"ENSG00000115085",2095.24547918849,2.05799588878376,0.486112120084613,4.23358275540537,2.29997492086408e-05,0.00252192723318615,"ZAP70",7535
"ENSG00000211679",5349.11023000598,3.59499155918244,0.850501594111726,4.22690749091081,2.36925015059432e-05,0.0025872405845322,"IGLC3",NA
"ENSG00000136573",1323.50814422696,2.74541425119877,0.64993588404057,4.22413090062187,2.39864610177321e-05,0.00260865001558152,"BLK",640
"ENSG00000211672",30.0956297328767,4.96229191829371,1.17598765023083,4.21968029793481,2.44649002318918e-05,0.00264986693771852,"IGLV4-3",NA
"ENSG00000243238",423.145590568604,3.7289920117737,0.884286179723321,4.21695159019724,2.47627108737567e-05,0.00267126490377023,"IGKV2-30",NA
"ENSG00000154429",530.863357770032,0.85257029806553,0.202280997148658,4.21478196213839,2.50019615625826e-05,0.00268619865256054,"CCSAP",126731
"ENSG00000163508",309.482645074198,2.38397356810133,0.56614908090404,4.21085832073515,2.54402263776447e-05,0.00271211343283012,"EOMES",8320
"ENSG00000253742",18.683950189317,4.70922551463184,1.11836823235219,4.21080050237769,2.54467389081452e-05,0.00271211343283012,"IGHV3-60",NA
"ENSG00000244620",10.5549539118112,4.0738197231841,0.967888590987914,4.20897586883011,2.56530781106161e-05,0.00271240581848161,"AL122127.25",NA
"ENSG00000254326",18.8328069699575,5.82128490873475,1.38291169355318,4.20944080223796,2.56003504146649e-05,0.00271240581848161,"IGHV7-27",NA
"ENSG00000271046",43.6286569925138,4.3369240618833,1.0309321399092,4.20679877364699,2.59013578654182e-05,0.00272783272855363,"RP11-138I18.2",NA
"ENSG00000211689",99.3797404652848,2.21806771497846,0.527590913288275,4.20414313270501,2.62073064839249e-05,0.00274087590259097,"TRGC1",445347
"ENSG00000245164",1081.28304206486,2.39948568226271,0.570770781414952,4.20393923514153,2.62309384560217e-05,0.00274087590259097,"LINC00861",100130231
"ENSG00000211967",417.227621324155,4.22773095961888,1.00623860351405,4.20151934626096,2.65129585003281e-05,0.0027595225751611,"IGHV3-53",NA
"ENSG00000164691",631.6570068748,1.88317609217414,0.449136686566844,4.19287969230248,2.75435534267444e-05,0.00285563416753154,"TAGAP",117289
"ENSG00000234184",43.0472963602766,5.10779821892311,1.218528910256,4.19177434029861,2.76781229521683e-05,0.0028584635118625,"RP5-887A10.1",101927412
"ENSG00000227191",226.50937319728,2.35355484159889,0.56307013309132,4.17986091479866,2.91687441984838e-05,0.00300077679215676,"TRGC2",NA
"ENSG00000158481",152.05656382506,2.87393117791449,0.688081224513283,4.17673244891601,2.95726521815217e-05,0.00303062814375633,"CD1C",911
"ENSG00000211898",927.239856575095,3.18564430703507,0.763653700775547,4.17158235964785,3.02491683759839e-05,0.00308808080987774,"IGHD",NA
"ENSG00000048462",131.966120768376,2.99220128102732,0.717576264941834,4.1698721476941,3.04770566775446e-05,0.00309947013424876,"TNFRSF17",608
"ENSG00000230202",254.163364921889,2.45523468149819,0.589579492036428,4.16438277562492,3.12195975996787e-05,0.00316291322449976,"RP11-632C17__A.1",NA
"ENSG00000211625",239.365275414169,3.93424136769488,0.945160889316136,4.16250969773143,3.14768769138853e-05,0.0031715002626417,"IGKV3D-20",NA
"ENSG00000109943",86.9370619461497,2.32359925422877,0.558284422685935,4.16203490516503,3.15424120698086e-05,0.0031715002626417,"CRTAM",56253
"ENSG00000211892",10271.0294035482,3.33549915036111,0.803061283728029,4.15348021121977,3.27456542912593e-05,0.0032435240096305,"IGHG4",NA
"ENSG00000265714",13.3481279094715,5.77321156964965,1.38965759815618,4.15441298439964,3.26123691956817e-05,0.0032435240096305,NA,NA
"ENSG00000211946",128.416440196861,4.33788938699432,1.04376522071364,4.15600108233961,3.23866288997423e-05,0.0032435240096305,"IGHV3-20",NA
"ENSG00000211678",260.255617999876,4.18640301093848,1.00782733155599,4.15388914336654,3.26871578989519e-05,0.0032435240096305,"IGLJ3",NA
"ENSG00000144460",10.0119078263873,3.68397596852817,0.887991187743144,4.14866275631756,3.34423044979581e-05,0.00328808193117378,"NYAP2",57624
"ENSG00000272121",63.3385153066739,-1.04086715691732,0.25086136533803,-4.14917281309849,3.33678843460128e-05,0.00328808193117378,"RP4-555D20.4",NA
"ENSG00000262061",46.4243998139819,-1.84328139977654,0.444831387864875,-4.1437754845134,3.41634226933057e-05,0.00334663381493798,"RP11-1260E13.4",100506388
"ENSG00000231389",10447.5553465228,1.68048802209239,0.405723241744494,4.1419565092371,3.44355650792623e-05,0.00334867018809103,"HLA-DPA1",3113
"ENSG00000211930",11.6206084590763,4.7783159542651,1.15353523891212,4.14232334919518,3.43805158373735e-05,0.00334867018809103,"IGHD3-3",NA
"ENSG00000211958",11.3214203354081,4.13916637745172,1.000060133922,4.13891748811034,3.48948412063807e-05,0.00338099288706914,"IGHV3-38",NA
"ENSG00000262488",37.2732964711804,3.31168121185122,0.800315033022086,4.13797201752654,3.50389091208651e-05,0.00338265120842555,"RP11-876N24.1",NA
"ENSG00000233988",3.03104213148044,3.930381107601,0.950581489252219,4.13471243869146,3.55399365349211e-05,0.00341863396741146,NA,NA
"ENSG00000182866",1310.86692742877,2.07602905402395,0.502273558251584,4.13326367657222,3.57648018139659e-05,0.00342788900839252,"LCK",3932
"ENSG00000163600",213.210351137462,2.21166659984825,0.53567872226859,4.12871840509527,3.64790832132294e-05,0.00348381782156451,"ICOS",29851
"ENSG00000211936",523.33123347811,4.30605873649148,1.04450026815911,4.12260184871062,3.74616886905727e-05,0.00356488105414397,NA,NA
"ENSG00000159618",342.088577945323,1.85108181036108,0.450024991664571,4.11328669439939,3.90065461976704e-05,0.00369868122219548,"ADGRG5",221188
"ENSG00000259326",23.0100562688394,1.74425613908672,0.424547280081404,4.10850857118263,3.98222428149031e-05,0.00376263709150033,"RP11-102L12.2",NA
"ENSG00000211746",41.2128797824059,2.49089383797848,0.607245746321807,4.10195353868884,4.09676547896046e-05,0.0038436396768351,"TRBV19",NA
"ENSG00000257221",14.5985265899174,3.71924868599621,0.906702299202235,4.10195131220976,4.09680490981861e-05,0.0038436396768351,"MIR4496",100616240
"ENSG00000143851",1098.86514232507,2.01114652682178,0.490610486031088,4.09927342379376,4.14449179999046e-05,0.0038747362810788,"PTPN7",5778
"ENSG00000223931",5.26664695524856,4.29208719798748,1.04833563512592,4.09419183530085,4.23643452998868e-05,0.00393309400876475,"RP11-1166P10.8",NA
"ENSG00000104921",429.465268046746,3.36552985682474,0.821881440650651,4.0949091807699,4.22333908066176e-05,0.00393309400876475,"FCER2",2208
"ENSG00000271375",5.27158662584015,4.47232340193843,1.09318962863727,4.09107741674557,4.29373758060446e-05,0.00397245270261131,"RP11-295P22.2",NA
"ENSG00000178445",454.001139551664,-2.12898664519253,0.52135327915115,-4.08357773956821,4.43475839951286e-05,0.00408872448287267,"GLDC",2731
"ENSG00000242766",34.001801085182,5.51961209705242,1.35224151185442,4.08182417760788,4.46835959634732e-05,0.00409138974036681,"IGKV1D-17",NA
"ENSG00000173200",2081.25821672224,2.07130499126821,0.507429325552061,4.08195759875471,4.4657945594169e-05,0.00409138974036681,"PARP15",165631
"ENSG00000251301",70.6138892096026,2.45261372740039,0.601833175323257,4.07523850123922,4.59672109167624e-05,0.00419450799615457,"RP11-81H14.2",NA
"ENSG00000240342",557.900502453006,0.968111339091903,0.237710319784301,4.07265170468985,4.64809057911763e-05,0.00422690694473001,"RPS2P5",NA
"ENSG00000165566",14.3808338230125,2.52920176007419,0.62157387866302,4.06902839211069,4.72095948121655e-05,0.00427857025091887,"AMER2",219287
"ENSG00000211633",5.78202125396918,4.48318504130568,1.10229544659056,4.06713558980247,4.75945528815424e-05,0.00429883681874134,"IGKV1D-42",NA
"ENSG00000251546",156.618462667817,4.34268233975336,1.06799385105152,4.06620537700445,4.77848284632399e-05,0.00430144173784806,"IGKV1D-39",NA
"ENSG00000186265",234.456182040664,2.31033520785134,0.569116121863065,4.05951460360708,4.91748325295526e-05,0.00441166132239033,"BTLA",151888
"ENSG00000211974",321.965401393919,4.47102886121303,1.10168751236572,4.05834577503026,4.94215552153147e-05,0.0044189172440002,"IGHV2-70",NA
"ENSG00000166448",54.2545993621255,2.12733227509413,0.524858004743485,4.0531577224088,5.0530909963184e-05,0.00450299697648508,"TMEM130",222865
"ENSG00000271288",116.339444399446,4.94740148907545,1.22266474076561,4.04640890026607,5.20093517865776e-05,0.00461929726117786,"IGHV1OR15-3",NA
"ENSG00000181036",152.629332554434,1.98632000613708,0.491358976075422,4.04250273802301,5.28836949210122e-05,0.00466584785155752,"FCRL6",343413
"ENSG00000174123",555.769573180397,3.27976879492354,0.811252843530323,4.04284412816476,5.28067272334647e-05,0.00466584785155752,"TLR10",81793
"ENSG00000211749",24.8440092357063,2.97055676693764,0.735214496357704,4.04039471698934,5.33613160230012e-05,0.00468879887394454,"TRBV23-1",NA
"ENSG00000172575",442.353384919271,1.80859115488021,0.447692741523479,4.03980450682684,5.34957724781062e-05,0.00468879887394454,"RASGRP1",10125
"ENSG00000188452",433.935479673815,1.63379351878766,0.404872061250446,4.03533282524286,5.45249509048628e-05,0.00476333546511498,"CERKL",375298
"ENSG00000266088",103.657798351995,3.03600925356128,0.75321781017481,4.03071888708616,5.56065173958815e-05,0.00484194658827863,"RP5-1028K7.2",NA
"ENSG00000248571",6.03142715298085,3.82405694695536,0.949615274189019,4.0269539158594,5.65041016975896e-05,0.00490407749098461,"RP11-768B22.2",NA
"ENSG00000110492",1220.57401979872,1.53418253705555,0.381100196301542,4.02566713936206,5.68140087043171e-05,0.0049149651361251,"MDK",4192
"ENSG00000106483",4373.04070977803,3.1317631463755,0.778689556631883,4.0218378681249,5.77458018917832e-05,0.00497940741555522,"SFRP4",6424
"ENSG00000109684",114.275313497538,2.40281546099426,0.598411622164391,4.01532218292073,5.93646427785007e-05,0.00510248679623597,"CLNK",116449
"ENSG00000270467",5.13836793726986,4.37001404454011,1.08896180952346,4.01300946123398,5.99495095032458e-05,0.00511972654074995,"IGHV3OR16-12",NA
"ENSG00000211665",43.8071184299081,4.04164457656732,1.00708293876524,4.01321919078747,5.98962466304816e-05,0.00511972654074995,"IGLV3-16",NA
"ENSG00000211911",11.6609063379152,4.47218836131347,1.11761216213103,4.00155663373065,6.29271289991313e-05,0.00535684777054905,"IGHD3-22",NA
"ENSG00000272540",22.7634830159727,1.15071682893271,0.287970804659629,3.99594962514626,6.44354356756662e-05,0.00546393711860749,"XXbac-BPG252P9.9",NA
"ENSG00000198286",1095.05053057605,1.97970678938148,0.49550112443957,3.99536285940945,6.45952408467389e-05,0.00546393711860749,"CARD11",84433
"ENSG00000182871",16351.7087694955,-0.716240032376718,0.179303271787831,-3.99457313430535,6.48109141078822e-05,0.00546483166583709,"COL18A1",80781
"ENSG00000211632",39.1841054219381,4.41175201102822,1.10505782493008,3.99232683711131,6.54281085545523e-05,0.00546927756894635,"IGKV3D-11",NA
"ENSG00000115232",837.088751464957,1.70613341679794,0.427373042067318,3.99214093744641,6.54794349594253e-05,0.00546927756894635,"ITGA4",3676
"ENSG00000240487",10.2477692113173,3.95635114347819,0.991008962625413,3.99224557263023,6.54505407762429e-05,0.00546927756894635,"RP11-553L6.3",NA
"ENSG00000255760",90.1856510023126,3.92889025645195,0.984428433385286,3.99103695424678,6.57850277718143e-05,0.00547763145306248,"RP11-428G5.5",NA
"ENSG00000163564",572.852505738128,2.2361616612521,0.560402587726008,3.99027718684518,6.59961220171019e-05,0.00547808931821084,"PYHIN1",149628
"ENSG00000224137",36.4362700328508,4.02643421796582,1.01005372351334,3.98635649196993,6.70956783562267e-05,0.00553487414799275,"AC079767.4",NA
"ENSG00000211968",63.0055745747272,4.93570197574246,1.2380253581607,3.98675353716121,6.69835433354076e-05,0.00553487414799275,"IGHV1-58",NA
"ENSG00000211649",413.784108284118,4.65087692250098,1.16814822951674,3.98140989729107,6.85076906279117e-05,0.00563391178018737,"IGLV7-46",NA
"ENSG00000168421",662.757750290143,2.08569743790514,0.525365791522981,3.96999095022712,7.18753617236514e-05,0.00589267388654366,"RHOH",399
"ENSG00000239951",8391.7143677068,3.74786548208523,0.946357206604821,3.96030743563647,7.48533330305334e-05,0.00611799711226553,"IGKV3-20",NA
"ENSG00000253209",15.1148780450962,4.50782303725834,1.13858639918278,3.95914007096327,7.522011322e-05,0.00612917405732997,"IGHV3-65",NA
"ENSG00000132832",26.501584204576,1.78061387300981,0.449839202961876,3.95833413647746,7.54743248353126e-05,0.00613113836962471,"LINC01260",NA
"ENSG00000211752",29.9243579535598,3.05900551781813,0.772974943483195,3.95744460232253,7.57558489711204e-05,0.00613530272290427,"TRBV27",NA
"ENSG00000253703",7.77570801272958,4.26915821376564,1.07903432936899,3.95646190076475,7.60680135263077e-05,0.0061419158194196,"IGHV1-68",NA
"ENSG00000251039",255.73256072764,4.15673652685082,1.0519954245213,3.95128764817801,7.77318270732286e-05,0.0062533536553218,"IGKV2D-40",NA
"ENSG00000128422",71.4255426523943,3.00564427641493,0.760784591318264,3.95071655066888,7.79175610270909e-05,0.0062533536553218,"KRT17",3872
"ENSG00000173227",41.7371033975213,2.51370830664482,0.637325432638683,3.94415188522676,8.0082891955146e-05,0.00640783380223683,"SYT12",91683
"ENSG00000259078",12.7266341392819,3.59890134544452,0.91345646885412,3.93987175979951,8.15251770606036e-05,0.00650370761311312,"PTBP1P",NA
"ENSG00000211685",611.765092099307,3.94931029119813,1.00267598971372,3.93877018270452,8.19003315668709e-05,0.00651413234208739,"IGLC7",NA
"ENSG00000211654",35.3332996012678,6.06570313616521,1.54043816374267,3.9376479231259,8.22842072768827e-05,0.00652518661575161,"IGLV5-37",NA
"ENSG00000117228",3970.50091214503,1.3997021170744,0.355611426276686,3.93604370852065,8.28358924613112e-05,0.00654944318881791,"GBP1",2633
"ENSG00000211938",870.839554105661,3.6518791538138,0.928526873792887,3.93298164747396,8.38986455671518e-05,0.00661384441164722,"IGHV3-7",NA
"ENSG00000169213",14.5789908341598,2.33963553365928,0.59563979399098,3.92793691298387,8.56776772086529e-05,0.00669466776898697,"RAB3B",5865
"ENSG00000234076",7.81112382288869,-1.69933344530516,0.432480703401389,-3.92926998115797,8.52041350546105e-05,0.00669466776898697,"TPRG1-AS1",100874043
"ENSG00000110448",580.53219669004,2.07467731022441,0.528145573631949,3.92823004452594,8.55733360891145e-05,0.00669466776898697,"CD5",921
"ENSG00000181019",5321.21971307661,-1.99569107916429,0.509337846271848,-3.91820693037433,8.92101076665441e-05,0.00695030210168148,"NQO1",1728
"ENSG00000117091",704.461068355489,2.04018060746685,0.521271490331596,3.91385419173611,9.08344983549243e-05,0.0070401841564874,"CD48",962
"ENSG00000198821",828.446582872963,1.71839828291852,0.439089510080364,3.91354893129652,9.09494600904199e-05,0.0070401841564874,"CD247",919
"ENSG00000211970",320.874454046864,3.90111133867606,0.996961693756341,3.9130002317115,9.11564471378552e-05,0.0070401841564874,"IGHV4-61",NA
"ENSG00000254228",7.55047379444143,3.79924098182921,0.971657985222656,3.91005995896654,9.22732137778629e-05,0.00710583751766231,"IGHV3-42",NA
"ENSG00000152785",23.4721099140506,2.84951800598386,0.729134054210689,3.90808519987254,9.30305018483978e-05,0.00714350928458375,"BMP3",651
"ENSG00000235532",90.3703195444639,3.60129158196625,0.922261144659074,3.90485016399288,9.42837833198911e-05,0.00721894082344396,"LINC00402",NA
"ENSG00000167895",5251.82944177553,2.00734164511467,0.514350287331138,3.90267429523636,9.51356842617659e-05,0.0072632960090394,"TMC8",147138
"ENSG00000100450",94.4683463603527,1.85228644251552,0.475798362431515,3.89300718281084,9.90092196682385e-05,0.00753743045160061,"GZMH",2999
"ENSG00000171864",23.121908506903,3.57420599432475,0.918795867240885,3.8900980313048,0.000100203733810569,0.00760663386718691,"PRND",23627
"ENSG00000171307",1488.73391849222,-0.324942310165986,0.0835534355462243,-3.88903589710824,0.000100643232423837,0.00761829240890094,"ZDHHC16",84287
"ENSG00000096996",301.596790589809,1.90765328559909,0.491683462748923,3.87984024301674,0.000104525094660595,0.00788971996382879,"IL12RB1",3594
"ENSG00000225851",15.337787103408,3.1675994220942,0.817605518127623,3.87423929005303,0.000106958277830539,0.00805057432992859,"HLA-S",NA
"ENSG00000196735",2723.45008655698,1.93026837826047,0.498381028683888,3.87307755946867,0.000107469608239163,0.00806142004896682,"HLA-DQA1",3117
"ENSG00000135426",434.498091016034,1.8306815414286,0.472734187947251,3.87253891955213,0.00010770746997306,0.00806142004896682,"TESPA1",9840
"ENSG00000205020",26.5790232119884,6.76785046147296,1.74855364769929,3.87054207366068,0.000108593612233399,0.00810497702509501,NA,NA
"ENSG00000259641",5.48755662263318,3.04406762510731,0.787371793687635,3.86611210804301,0.000110584120320654,0.00823048571492688,"PCAT29",NA
"ENSG00000240040",21.9766180763211,3.50549813182121,0.907319065002197,3.86357816895727,0.000111738114039951,0.00829320904900976,"AC096579.15",NA
"ENSG00000253132",10.6908044192569,4.92067698384004,1.27648807617499,3.85485542378499,0.000115798040389709,0.00857066329495498,"IGHV3-62",NA
"ENSG00000115457",2427.88046949357,-0.926281284731794,0.240481839909153,-3.85177227969363,0.000117266047063513,0.00864673487723656,"IGFBP2",3485
"ENSG00000026950",3926.18724037105,1.41248543834572,0.366790363716571,3.85093387959666,0.000117668267178567,0.00864673487723656,"BTN3A1",11119
"ENSG00000100079",40.9475514205306,2.71264924259853,0.704463244022956,3.85066114607697,0.000117799390521181,0.00864673487723656,"LGALS2",3957
"ENSG00000123329",2606.62171866452,1.93704602630755,0.503354488658387,3.84827406917626,0.000118952931518132,0.0086835640008236,"ARHGAP9",64333
"ENSG00000111537",32.6090625584619,3.17177699827288,0.824152544358495,3.84853146421059,0.000118828036436185,0.0086835640008236,"IFNG",3458
"ENSG00000113088",334.505982950534,2.44040109459901,0.634545327017188,3.8459050767431,0.000120108257793071,0.0087395949129412,"GZMK",3003
"ENSG00000136490",2393.13775826188,1.79009180886898,0.465520176351242,3.84535816019783,0.000120376480880068,0.0087395949129412,"LIMD2",80774
"ENSG00000082293",68.5303531823375,2.45818308107158,0.640212147402097,3.8396382996583,0.000123215704923783,0.00892141972199507,"COL19A1",1310
"ENSG00000173762",555.048916603947,1.77388238368505,0.46257011345102,3.83484002122607,0.000125646047192307,0.00907273422070193,"CD7",924
"ENSG00000211651",1157.99848482241,3.43134280133232,0.895026729368883,3.83378807440967,0.000126184866504426,0.0090870155892174,"IGLV1-44",NA
"ENSG00000211706",20.9518044986017,2.6588869633607,0.693703362014393,3.83288752650667,0.000126647867128551,0.00909577471601146,"TRBV6-1",NA
"ENSG00000092068",5456.97244605902,-1.08425216709065,0.283430316192565,-3.82546292738144,0.000130526576806715,0.00934914150272825,"SLC7A8",23428
"ENSG00000237127",12.8041668433342,6.492323605105,1.7015515406446,3.81553156047538,0.000135890085289536,0.00970721534192949,"LL22NC03-84E4.8",NA
"ENSG00000101082",211.547313217595,1.68471433489115,0.441761711391854,3.81362687495741,0.000136942172050282,0.00975621436973201,"SLA2",84174
"ENSG00000163519",151.186544583254,2.15519761967798,0.565577533947448,3.81061391288968,0.000138622118245967,0.00984956357510342,"TRAT1",50852
"ENSG00000010030",134.846817308526,1.51609291737739,0.398162704814025,3.80772206700157,0.000140252775667858,0.00993892342465443,"ETV7",51513
"ENSG00000117115",212.775757616131,1.84399129835544,0.484752505642783,3.80398507875746,0.000142386760549336,0.0100082833518413,"PADI2",11240
"ENSG00000117090",334.523737525627,1.96040163597589,0.515436431654488,3.80338197997228,0.000142734009146169,0.0100082833518413,"SLAMF1",6504
"ENSG00000050730",22.3700637268559,2.70497647308604,0.711149441906054,3.80366813736933,0.000142569147842747,0.0100082833518413,"TNIP3",79931
"ENSG00000131050",18.16082773004,-1.68626335074958,0.443198884337915,-3.80475540516906,0.000141944383696655,0.0100082833518413,"BPIFA2",140683
"ENSG00000179583",3287.1673542862,1.86861080740137,0.491808280821735,3.79946999729084,0.000145005865001422,0.0101408957295614,"CIITA",4261
"ENSG00000211785",13.9873969677264,3.14263662282871,0.828011905297485,3.7954002867865,0.000147405431814865,0.0102817218081337,"TRAV12-1",NA
"ENSG00000211694",39.7523059593826,2.2457513426835,0.592078322122603,3.79299707280698,0.000148839911706566,0.0103278678697218,"TRGV10",NA
"ENSG00000139193",773.698219224346,1.54279042138176,0.406747478431301,3.79299320387142,0.0001488422316372,0.0103278678697218,"CD27",939
"ENSG00000197476",10.6165749674727,3.75993531489285,0.991947280796583,3.79045881538527,0.000150369264916683,0.0104067248407922,"RP11-170L3.7",NA
"ENSG00000162894",1763.33711465872,1.86173499917195,0.492385107761314,3.781054645695,0.000156165387747483,0.0107798620635536,"FCMR",9214
"ENSG00000204287",17845.5113464586,1.55903256133123,0.412665883622634,3.77795360170094,0.000158122328407133,0.0108867427400725,"HLA-DRA",3122
"ENSG00000223865",7129.46010244302,1.52446750452273,0.403912228089265,3.77425440109682,0.000160486925192261,0.0110210673240922,"HLA-DPB1",3115
"ENSG00000211662",1983.76622285346,3.82628000290712,1.01424603553587,3.77253631648216,0.000161596436174708,0.011068732755463,"IGLV3-21",NA
"ENSG00000234883",230.02977178397,1.68822360513157,0.448892402683301,3.76086473070169,0.000169326983659623,0.011568506357976,"MIR155HG",406947
"ENSG00000072818",3063.63107484882,1.67875435561005,0.446682840539711,3.75826918621201,0.000171092762871598,0.0116592497869916,"ACAP1",9744
"ENSG00000187848",43.3461575300006,3.14852884393142,0.838043380148475,3.75699983856874,0.000171962607513822,0.0116886318296066,"P2RX2",22953
"ENSG00000259337",9.90863810582303,4.76606113884624,1.26935181001715,3.75472040236176,0.000173535084817621,0.0117655021245942,"IGHV1OR15-2",NA
"ENSG00000028277",1277.77045492831,1.75670652466653,0.468044839054942,3.75328681801856,0.000174530964665511,0.0117883933624235,"POU2F2",5452
"ENSG00000104783",768.599146536933,1.92695280516171,0.513448567263367,3.75296169474616,0.000174757567204251,0.0117883933624235,"KCNN4",3783
"ENSG00000172578",1493.64547101336,1.87519499714941,0.499773531489705,3.75208945451733,0.000175366863772306,0.0117996214273058,"KLHL6",89857
"ENSG00000253957",11.2777023665226,3.89441188752622,1.03977266506878,3.74544553666317,0.000180073911461631,0.0120858170551515,"IGHV3-22",NA
"ENSG00000188820",118.737526395178,1.87296353080511,0.500325034483779,3.74349353263441,0.000181479275677469,0.0121363478281758,"FAM26F",441168
"ENSG00000256262",21.6488103346308,2.02037722792202,0.539755222132584,3.74313604589034,0.000181737766314211,0.0121363478281758,"USP30-AS1",NA
"ENSG00000187510",27.7930330845155,3.58872274413208,0.958951548758769,3.74234000537065,0.000182314609465229,0.0121444319230026,"PLEKHG7",440107
"ENSG00000205045",224.839109093326,1.62559378054987,0.434510791093405,3.74120462338628,0.000183140332180793,0.0121690128452799,"SLFN12L",100506736
"ENSG00000164483",239.20192727073,1.8462997117434,0.493722309713751,3.73955090831088,0.000184349311914632,0.0122188741690681,"SAMD3",154075
"ENSG00000108405",276.81083587571,1.7023969437312,0.455559497517462,3.73693656483573,0.000186275894031537,0.0123159334900007,"P2RX1",5023
"ENSG00000188263",34.5239046937887,4.13143641470095,1.10575651150535,3.73629851754301,0.000186748953557739,0.012316648186995,"IL17REL",400935
"ENSG00000116985",721.677957894959,-0.565640077819855,0.151586772500269,-3.73146065774869,0.000190372744108231,0.0125246463376884,"BMP8B",656
"ENSG00000211952",59.7196310226199,4.22645363303867,1.13353739830413,3.72855244067094,0.000192582836351519,0.0126388415630203,"IGHV4-28",NA
"ENSG00000167286",419.341964077562,1.9857664101249,0.533030616679696,3.72542654771774,0.000194985225731151,0.0127650647164779,"CD3D",915
"ENSG00000049768",111.272049380782,1.67498647098857,0.451218398917598,3.71214133777922,0.000205513165426377,0.0134213193450633,"FOXP3",50943
"ENSG00000249138",13.4663605478306,-2.39713416863146,0.647085184703493,-3.70451097521244,0.000211798938151986,0.0137643480659992,"SLED1",643036
"ENSG00000173391",196.657458779531,2.11193718016195,0.570054253860436,3.70480031656601,0.000211557325848754,0.0137643480659992,"OLR1",4973
"ENSG00000115602",623.621625861577,-2.41018715782892,0.651778441482311,-3.69786265459707,0.000217422468696944,0.0140954298745258,"IL1RL1",9173
"ENSG00000170074",385.868899393349,1.25336285935224,0.339118874234236,3.69593954975953,0.000219075098735186,0.014168097101454,"FAM153A",285596
"ENSG00000211734",39.5420810319449,2.74897458455502,0.744953222164264,3.69013047096918,0.000224139064403434,0.0144604972664153,"TRBV5-1",NA
"ENSG00000211978",20.1463610476527,3.7040442056962,1.0053780010679,3.68423041061352,0.000229394668604834,0.0147282432409055,"IGHV5-78",NA
"ENSG00000261218",15.7150622526549,3.3854424338843,0.918792590915954,3.68466449050195,0.000229004095129358,0.0147282432409055,"RP11-960L18.1",NA
"ENSG00000167858",9.91367394128692,3.33171274769922,0.905324970743111,3.68012907560086,0.000233115925296089,0.0149311870901786,"TEKT1",83659
"ENSG00000231130",39.6028684664009,2.503286146824,0.680506847941126,3.67856128766035,0.000234553331724571,0.0149513720665101,"HLA-T",NA
"ENSG00000249471",292.250017661875,-0.466744066734765,0.126862020501702,-3.67914735149991,0.000234015035894944,0.0149513720665101,"ZNF324B",388569
"ENSG00000164488",66.6254261767661,2.52366729330748,0.687727055158654,3.66957686829011,0.000242952276402978,0.015420089857925,"DACT2",168002
"ENSG00000253763",12.8051246197735,4.14413298051892,1.12935789503036,3.66945943243926,0.000243063904684875,0.015420089857925,"IGHV3-6",NA
"ENSG00000198851",1457.96275191777,1.84825376391297,0.504017076678422,3.66704591854973,0.000245368746010689,0.0154925361077128,"CD3E",916
"ENSG00000120659",43.7045048599567,3.77437110683954,1.02917006313827,3.66739302086798,0.000245036015038852,0.0154925361077128,"TNFSF11",8600
"ENSG00000170482",68.3813962070325,0.992278818050977,0.270702141351132,3.66557432127541,0.000246784126643499,0.0155450663224965,"SLC23A1",9963
"ENSG00000122490",9194.28742551367,-0.903319859755164,0.246540708188872,-3.66397852261842,0.000248327617236241,0.0156053994369331,"PQLC1",80148
"ENSG00000072858",394.345870848185,1.58475035178789,0.432993797448267,3.6599839561841,0.000252231040486642,0.0158046970202705,"SIDT1",54847
"ENSG00000211653",3769.63710091332,3.65370233100997,0.998409495161081,3.65952281976294,0.000252685341738985,0.0158046970202705,"IGLV1-40",NA
"ENSG00000168071",3822.53051647998,1.69909047250994,0.464503756853922,3.65786163715415,0.000254328270867735,0.0158702032254586,"CCDC88B",283234
"ENSG00000198754",45.4747881323708,-1.36918222114942,0.374383340737817,-3.6571665246939,0.000255018713712148,0.0158761066048135,"OXCT2",64064
"ENSG00000224220",8.82652661289608,3.25512081701077,0.89307047959343,3.64486442155457,0.00026753280006431,0.016616343724274,"AC104699.1",NA
"ENSG00000090104",4433.39112277468,1.95053742113398,0.53526212050742,3.64407894077186,0.000268351054485862,0.0166284042948274,"RGS1",5996
"ENSG00000183682",476.559616861053,-1.36672715849867,0.375139040897239,-3.64325492550656,0.000269211972234146,0.0166430464041272,"BMP8A",353500
"ENSG00000116031",37.7433830859715,3.67609864908233,1.01049676982887,3.63791232079335,0.000274856955591435,0.0168581780323711,"CD207",50489
"ENSG00000234745",62950.3061257428,0.944068540709903,0.25953276480734,3.63756977432394,0.000275222647554192,0.0168581780323711,"HLA-B",3106
"ENSG00000213809",979.902796177597,1.54808177530725,0.425499213582959,3.63827176617197,0.000274473712549447,0.0168581780323711,"KLRK1",100528032
"ENSG00000172653",27.85464235877,2.06870552752388,0.568534407593788,3.63866372886608,0.000274056370187422,0.0168581780323711,NA,NA
"ENSG00000204252",1575.02585976204,1.68322416971088,0.463192141206541,3.63396530287916,0.000279098411870339,0.0170563696887275,"HLA-DOA",3111
"ENSG00000174502",383.224777550713,-1.28297759857209,0.353211416519104,-3.63232199914663,0.000280882321882284,0.0171261086191155,"SLC26A9",115019
"ENSG00000161653",493.508355893787,-0.85163273834864,0.234500685285276,-3.63168549939464,0.000281576148808217,0.0171261908243794,"NAGS",162417
"ENSG00000244649",7.66296514279448,3.5565639620807,0.979461376913396,3.63114263197248,0.000282169178904205,0.0171261908243794,"CTD-2377D24.6",NA
"ENSG00000267369",198.580229607814,1.8324768788447,0.504794712161516,3.6301427782357,0.000283264486172007,0.0171535959864844,"RP11-1094M14.8",NA
"ENSG00000116852",1410.683528168,1.49667363266851,0.412834777760344,3.62535743908995,0.000288562049699358,0.0174347750889782,"KIF21B",23046
"ENSG00000204475",70.8165527951801,2.71583727589021,0.749619906834589,3.62295244713864,0.000291259383710147,0.017557932757821,"NCR3",259197
"ENSG00000163518",33.8176086600516,4.34607764729897,1.20122418304518,3.61804041963374,0.000296842045451015,0.0177507669330453,"FCRL4",83417
"ENSG00000241163",48.3521804328752,2.69719070552143,0.745183072442508,3.61950077137524,0.000295171931237806,0.0177507669330453,"LINC00877",285286
"ENSG00000175857",234.72328115867,2.26720548775393,0.62667596942304,3.61782739146879,0.000297086411050767,0.0177507669330453,"GAPT",202309
"ENSG00000236946",28.5507389909814,3.36473759610311,0.930200993495232,3.61721565514578,0.00029778918442752,0.0177507669330453,"HNRNPA1P70",NA
"ENSG00000205784",50.3791198947294,2.07174612073696,0.572723308901384,3.6173595321466,0.000297623756115198,0.0177507669330453,"ARRDC5",645432
"ENSG00000178199",459.356568274119,1.84860810347387,0.511367315746911,3.61502983579183,0.000300313033696797,0.0178612517474356,"ZC3H12D",340152
"ENSG00000196468",8.63687637902286,3.0397902504715,0.842115315236202,3.60970783391925,0.000306542080818266,0.0181911219229459,"FGF16",8823
"ENSG00000130475",549.220515649609,1.92584496215573,0.533819908168871,3.60766792823789,0.000308961567666517,0.0182939577121652,"FCHO1",23149
"ENSG00000149503",1043.35271917357,-0.970311811781474,0.269491869855618,-3.60052350485127,0.000317577116413735,0.0187623997047538,"INCENP",3619
"ENSG00000176165",71.5569444442675,2.79519537713457,0.777855993012463,3.59346126049553,0.00032631418327186,0.0192359323302626,"FOXG1",2290
"ENSG00000184922",2781.59223006776,1.35670080188522,0.377946989145229,3.5896589755975,0.000331110849920932,0.0194756039649961,"FMNL1",752
"ENSG00000250850",17.406033434539,4.08501006501128,1.14289017235881,3.57428050726889,0.000351192274891304,0.0206112734900414,"RP11-297B17.3",NA
"ENSG00000186470",3510.52652643471,1.26194944513073,0.35320536644258,3.57284901370796,0.000353118381626745,0.0206306915892057,"BTN3A2",11118
"ENSG00000164530",2130.36511822496,2.16105568929171,0.604783142053633,3.57327368939802,0.000352545942672734,0.0206306915892057,"PI16",221476
"ENSG00000160211",4545.52795516984,-0.941853347780159,0.263653855767515,-3.57231016037432,0.000353845976966298,0.0206306915892057,"G6PD",2539
"ENSG00000211950",737.846258326204,4.44732187291101,1.245915121198,3.56952235127761,0.000357632704869339,0.0208059463345928,"IGHV1-24",NA
"ENSG00000171812",1679.11008937207,0.818194505497191,0.229283022980468,3.56849144285267,0.000359042577982907,0.0208276354947858,"COL8A2",1296
"ENSG00000105738",3885.69670695002,-0.645820729623573,0.180998109845347,-3.56810759060075,0.000359568861985419,0.0208276354947858,"SIPA1L3",23094
"ENSG00000111801",2442.3035073469,1.02916801472478,0.288826805706263,3.56327042501535,0.000366263020099782,0.0211693669643356,"BTN3A3",10384
"ENSG00000198502",3650.44284868766,1.84408082162228,0.517656097938211,3.56236665416892,0.000367526597509528,0.0211964203260636,"HLA-DRB5",3127
"ENSG00000138964",2295.33240903816,1.73490591045889,0.488131776817247,3.55417531259889,0.000379166371469005,0.0218204923710403,"PARVG",64098
"ENSG00000158050",1625.95211064069,2.07953807794982,0.585896065532406,3.54932930990096,0.000386213760727443,0.0221781587383248,"DUSP2",1844
"ENSG00000129048",102.119414349979,1.85870560695101,0.523958879681778,3.54742648522319,0.000389014300789052,0.0222909377301597,"ACKR4",51554
"ENSG00000211964",672.917694795328,3.53122020884068,0.995913736324404,3.54570891036535,0.000391558478407247,0.0223885743715903,"IGHV3-48",NA
"ENSG00000259001",35.041737002899,2.02358699561059,0.570958346653423,3.54419373579791,0.000393815747574549,0.0224694231137556,"RPPH1",NA
"ENSG00000205436",169.071673759404,2.22514122297782,0.627970636467949,3.54338418670853,0.000395026771565118,0.022490359675967,"EXOC3L4",91828
"ENSG00000141497",186.665632326069,0.953213338505174,0.269721524799516,3.53406477000194,0.000409220783750509,0.0232488012431393,"ZMYND15",84225
"ENSG00000211966",1382.39584401563,3.2442443189902,0.91830883629286,3.53284667507606,0.000411110823890505,0.0233064848990692,"IGHV5-51",NA
"ENSG00000259834",619.012795530114,1.67421329190353,0.474692124470325,3.52694558345932,0.000420383152683834,0.0236847926384161,"RP11-284N8.3",NA
"ENSG00000153283",922.16564779276,1.26453341214863,0.35855591594964,3.52673978004099,0.000420710026995441,0.0236847926384161,"CD96",10225
"ENSG00000254176",4.87557279391674,4.17337729882373,1.18337159394598,3.52668368936211,0.000420799156083356,0.0236847926384161,"IGHV3-75",NA
"ENSG00000267554",58.363914387348,1.74250850712531,0.494140269953992,3.52634386039322,0.000421339527513951,0.0236847926384161,"RP11-686D22.10",NA
"ENSG00000102854",29.195020233662,2.38443518739569,0.676619792477159,3.52403996144731,0.000425020144254792,0.0238413931445662,"MSLN",10232
"ENSG00000229474",392.82317229524,1.58946225263915,0.451144920420542,3.52317444061546,0.000426410606988348,0.0238691399647154,"PATL2",197135
"ENSG00000251578",7.37080116472261,2.68273970881616,0.761945444981224,3.52090786353118,0.000430072023985762,0.0240236249037749,"TRBV21-1",NA
"ENSG00000188389",497.756763655945,1.7500618514046,0.497374968372599,3.51859655730318,0.00043383590828075,0.0241831752638924,"PDCD1",5133
"ENSG00000160654",270.273922824789,1.82265994453856,0.5184752403968,3.51542330766584,0.000439053549619136,0.0244229265753692,"CD3G",917
"ENSG00000196420",81.4866122405326,-1.21235159385629,0.345047879826049,-3.51357496955924,0.000442119631110586,0.0245422449394616,"S100A5",6276
"ENSG00000223534",114.927235629047,1.77564767113684,0.506813808838928,3.5035502982934,0.000459099943643035,0.0254318461504546,"HLA-DQB1-AS1",106480429
"ENSG00000272282",67.2157500156529,1.97286461477789,0.563850136902018,3.49891661925892,0.000467152642464514,0.0258242368432925,"RP11-222K16.2",NA
"ENSG00000225528",18.1580506726248,1.85105468233111,0.529958539019801,3.49282924236823,0.000477932019150249,0.0263654216361457,"RP3-370M22.8",NA
"ENSG00000117586",115.287349543395,0.935778817944332,0.268148102896034,3.4897834735275,0.000483412054605704,0.0264386174400787,"TNFSF4",7292
"ENSG00000123612",97.6801765408261,1.00468482977272,0.287891696879983,3.4898013407853,0.000483379737125433,0.0264386174400787,"ACVR1C",130399
"ENSG00000254174",10.8834962349085,3.98883578921165,1.14315003093957,3.48933707847009,0.000484220128007446,0.0264386174400787,"IGHV1-12",NA
"ENSG00000230481",5.08547473575029,4.21603210292375,1.2078628882141,3.49048898187229,0.0004821374933137,0.0264386174400787,"IGKV1OR22-5",NA
"ENSG00000254709",113.474858676306,3.77499266422003,1.08184145722551,3.48941394231772,0.000484080897783974,0.0264386174400787,"IGLL5",100423062
"ENSG00000253202",7.21525079626926,4.12610169844972,1.18444981949603,3.48355973426153,0.000494792691469097,0.0269606365320942,"IGKV3-25",NA
"ENSG00000144891",1074.09244082707,-1.28046186312378,0.3678784181221,-3.48066589407479,0.000500168975243942,0.0271979639701527,"AGTR1",185
"ENSG00000184293",84.850287742865,2.11309988774068,0.607435598645718,3.47872250564809,0.000503809991643574,0.0272635508742562,"CLECL1",160365
"ENSG00000197978",6.60268207606453,3.0356091438517,0.872532979032448,3.47907668454881,0.000503144587265801,0.0272635508742562,"GOLGA6L9",440295
"ENSG00000178789",39.3997495513926,1.70039256131522,0.488845409977068,3.4783850407739,0.000504444758153812,0.0272635508742562,"CD300LB",124599
"ENSG00000138166",2371.8683467837,1.36596342986548,0.393008020823311,3.47566298266364,0.000509592239898285,0.0274860024941089,"DUSP5",1847
"ENSG00000224557",23.0802784398626,2.36999155364967,0.682597593553125,3.47201861833874,0.000516560510343106,0.0278055652486708,"HLA-DPB2",3116
"ENSG00000211727",9.13045597151993,2.83859999040067,0.817821948254088,3.47092664419266,0.00051866566842347,0.0278625942240793,"TRBV7-6",NA
"ENSG00000145649",325.542142447165,1.78514673315581,0.514574318671057,3.46917183462661,0.000522065428361601,0.0279325970656523,"GZMA",3001
"ENSG00000223750",7.08064425507908,3.8382143713978,1.10624156838707,3.46959875770536,0.00052123640304194,0.0279325970656523,"SIRPB3P",NA
"ENSG00000211599",31.3617472504797,3.08018883407918,0.888298416325734,3.46751584542923,0.000525292771441569,0.0280489496895002,"IGKV5-2",NA
"ENSG00000227294",3.08482667561986,2.93441672155394,0.846520387299327,3.4664454224377,0.000527388792857565,0.0280622251894712,"AC016994.2",NA
"ENSG00000001084",2921.87229118977,-0.995284585132604,0.287130579015161,-3.46631344019981,0.000527647769559958,0.0280622251894712,"GCLC",2729
"ENSG00000104894",3333.39092779163,1.82669369153171,0.527182190814333,3.46501403757596,0.000530203803370119,0.0281419927107506,"CD37",951
"ENSG00000259884",153.396964700289,2.3221238654709,0.67180034977838,3.45656840791605,0.000547100323884698,0.0289512924121975,"RP11-1100L3.8",NA
"ENSG00000169710",7269.36882153792,-0.959342267843542,0.277562534910441,-3.45631037039306,0.00054762437139229,0.0289512924121975,"FASN",2194
"ENSG00000234964",11.8196627681167,1.97456332356535,0.571509053501697,3.45499920161719,0.000550294451953913,0.0290348429154693,"FABP5P7",NA
"ENSG00000019582",84467.3184595095,1.29811438477318,0.375977014079381,3.45264294401548,0.000555123266738842,0.0292077780958008,"CD74",972
"ENSG00000226979",69.0098733715723,2.09434561656715,0.606646727596693,3.45233151568156,0.00055576443965363,0.0292077780958008,"LTA",4049
"ENSG00000198576",146.132009980191,1.9667239481286,0.570071925787772,3.44995755651503,0.000560674696638704,0.0293500536187392,"ARC",23237
"ENSG00000151651",1150.16670589168,1.03870081486762,0.301051481406967,3.45024316111397,0.000560081826103432,0.0293500536187392,"ADAM8",101
"ENSG00000136286",1438.71981515737,1.43421309185636,0.416258250933388,3.44548868074179,0.00057002784028999,0.0297811604010329,"MYO1G",64005
"ENSG00000122729",3399.26062867815,-0.588009533991624,0.170740200087415,-3.4438845315314,0.00057342053909786,0.0298997852529599,"ACO1",48
"ENSG00000128242",22.1781494351234,1.42837422974537,0.415070637129132,3.44127987377,0.000578969341781202,0.0301301525620315,"GAL3ST1",9514
"ENSG00000125355",118.401799539552,1.92828848138676,0.56074537510306,3.43879515909044,0.000584309180723568,0.0303487682658469,"TMEM255A",55026
"ENSG00000253936",5.13022653290163,4.51008483819928,1.31352960953624,3.43356160794245,0.000595706809844856,0.0308805602107319,"IGHV3-63",NA
"ENSG00000211623",3.9650969702634,4.12389306919161,1.20173155085722,3.43162586207373,0.000599974652425425,0.0310378876042448,"IGKV2D-26",NA
"ENSG00000121690",53.8842351945719,0.889566646032596,0.259263429651592,3.43113044222252,0.000601071495732419,0.0310378876042448,"DEPDC7",91614
"ENSG00000206337",2171.89371783338,1.1334198915322,0.330587125686815,3.42850584147053,0.000606913474459999,0.0312789352552934,"HCP5",10866
"ENSG00000184682",240.538442707563,1.60316380051808,0.468056166709536,3.42515260890252,0.000614454170694332,0.0316064312319507,NA,NA
"ENSG00000007312",1128.23780529728,1.83805810933371,0.536975910829863,3.42298057000939,0.000619385045109215,0.0317986792426494,"CD79B",974
"ENSG00000169442",1246.63477662231,1.8765833391226,0.548571046642064,3.42085742696342,0.000624240480037642,0.0318108999302979,"CD52",1043
"ENSG00000128815",1316.81324314053,1.87318666056336,0.547562645065827,3.42095407245717,0.000624018693486844,0.0318108999302979,"WDFY4",NA
"ENSG00000166710",123342.634259528,0.718654969189156,0.210011781855874,3.42197453323048,0.000621681362517708,0.0318108999302979,"B2M",567
"ENSG00000160185",291.332344361341,1.84085718321334,0.538138256456907,3.42078854481284,0.000624398598744447,0.0318108999302979,"UBASH3A",53347
"ENSG00000142910",14808.0541752854,-0.676449411898535,0.197872345101669,-3.41861522665518,0.000629406618817372,0.031925118519589,"TINAGL1",64129
"ENSG00000229164",1819.2013486455,1.86581576224197,0.545789430698312,3.41856338231897,0.000629526539818945,0.031925118519589,NA,NA
"ENSG00000204165",55.4189425138104,1.89533058553775,0.554472771632215,3.41825727521014,0.000630235028759761,0.031925118519589,"CXorf65",158830
"ENSG00000007264",287.339473014091,1.46462204679439,0.428635259138517,3.41694252996831,0.00063328646708916,0.0319581778704369,"MATK",4145
"ENSG00000235776",19.0128114284563,1.02891737599255,0.301111346042433,3.41706611031375,0.000632999060992637,0.0319581778704369,"AC000089.3",NA
"ENSG00000235831",152.752138763039,1.14810279908084,0.336219244432297,3.41474445051295,0.000638418781467449,0.0320588767613243,"BHLHE40-AS1",100507582
"ENSG00000253633",8.17700531133909,3.61833534230843,1.0595089564072,3.4151059511363,0.000637572060938061,0.0320588767613243,"KB-1980E6.3",107986898
"ENSG00000132361",5695.9092438562,-0.631398042072614,0.184914371795589,-3.41454282834535,0.000638891482839676,0.0320588767613243,"CLUH",23277
"ENSG00000177272",266.611936432841,1.71489127132202,0.502908316036154,3.40994812899204,0.000649752359226655,0.0325160981729878,"KCNA3",3738
"ENSG00000253441",18.4028455264135,5.0089144964212,1.4690372352486,3.4096579557247,0.000650443997980954,0.0325160981729878,"IGHV3-25",NA
"ENSG00000153898",314.862900711936,1.69658487798775,0.498131474875312,3.40589776707529,0.000659468689574909,0.0328440060443429,"MCOLN2",255231
"ENSG00000211918",7.37017373341986,3.70549997453911,1.08790099012004,3.4061003787948,0.000658979455753432,0.0328440060443429,"IGHD2-15",NA
"ENSG00000169738",2730.26764149504,-0.572880995675653,0.16827528256361,-3.40442747709603,0.000663029037548185,0.0329597177340884,"DCXR",51181
"ENSG00000246528",12.1206649463711,3.45933770892804,1.01635132013135,3.40368299859241,0.000664838621284406,0.0329881286110298,"RP11-159H10.3",101929759
"ENSG00000253818",98.2394829733975,4.32946845366057,1.27488779305032,3.39596039530805,0.000683882541441169,0.033869982001301,"IGLV1-41",NA
"ENSG00000108784",3435.17622469021,-0.668032765586068,0.196823096986686,-3.39407709671014,0.000688603038729706,0.034040497155757,"NAGLU",4669
"ENSG00000234572",11.0055756620149,3.8201171632233,1.12596699435584,3.39274346616951,0.000691964087265705,0.034080190582615,"AC007880.1",101927438
"ENSG00000160145",1754.5277522202,-0.622534832573495,0.183480335245869,-3.39292399776401,0.000691508216493333,0.034080190582615,"KALRN",8997
"ENSG00000185186",56.1131897955215,-2.29477037451421,0.676586652401788,-3.39168732691976,0.000694636607160826,0.034148694460886,"LINC00313",114038
"ENSG00000169962",231.896647904772,1.23734414082285,0.36497963907407,3.39017306269993,0.000698485135377568,0.0342116478531899,"TAS1R3",83756
"ENSG00000001630",72.1236294469819,-1.37567537247105,0.405743195935058,-3.39050755811378,0.000697633308395012,0.0342116478531899,"CYP51A1",1595
"ENSG00000168811",37.1786603421415,1.09729225115308,0.323747438397814,3.38934651215603,0.000700594178413813,0.034251985107956,"IL12A",3592
"ENSG00000069493",1304.89920981668,1.25534718240354,0.370527302467299,3.38800183966019,0.000704037921088498,0.0343573084384671,"CLEC2D",29121
"ENSG00000169116",19950.05126059,-0.806678964186101,0.23820271808362,-3.38652291911682,0.000707843637010185,0.0344798788082932,"PARM1",25849
"ENSG00000236213",9.74063772810777,2.71425795973185,0.801944265937614,3.38459675443705,0.000712828912435371,0.0346593546931395,"AC006369.2",NA
"ENSG00000211699",21.3371694917061,2.39727053432554,0.70842637237522,3.38393745321471,0.000714542788383276,0.0346794036365617,"TRGV3",NA
"ENSG00000102524",593.506455787538,1.37545446235267,0.406586907398441,3.38292856293274,0.000717172846399782,0.0347437645314949,"TNFSF13B",10673
"ENSG00000213699",2735.89701969201,-0.471154692718492,0.139443361203283,-3.37882484080138,0.000727963733677178,0.0349488174483395,"SLC35F6",54978
"ENSG00000213430",17.0193547959077,1.83377196017095,0.542557999258868,3.37986346653421,0.000725218463847302,0.0349488174483395,"HSPD1P1",NA
"ENSG00000131844",4596.54304014796,-0.568523860093008,0.168175062596658,-3.38054793210646,0.000723414562177724,0.0349488174483395,"MCCC2",64087
"ENSG00000164326",79.2619013093856,-2.29781135034239,0.68002939408749,-3.3789882765667,0.000727531105254967,0.0349488174483395,"CARTPT",9607
"ENSG00000072042",3985.16133574846,-0.628494532399891,0.185962732391307,-3.37968002684214,0.000725702626723427,0.0349488174483395,"RDH11",51109
"ENSG00000157600",2822.07791638668,-0.405597744693721,0.120218527478567,-3.37383723790854,0.000741281839827094,0.0355241989607786,"TMEM164",84187
"ENSG00000064201",219.631220448983,1.59381548427848,0.472674281712542,3.37191073418241,0.000746486387975887,0.0357048720308846,"TSPAN32",10077
"ENSG00000183186",605.352261081022,-1.59208324092917,0.472224865725797,-3.37145151914476,0.000747731979479587,0.0357048720308846,"C2CD4C",126567
"ENSG00000253239",34.0044935969378,4.4697318393308,1.32673181157392,3.36897917147874,0.00075447129927245,0.0359622321451063,"IGLVI-70",NA
"ENSG00000042980",1218.96187087876,1.56147360502582,0.463855336098101,3.36629436703425,0.000761853606483985,0.0362492666870817,"ADAM28",10863
"ENSG00000237638",8.96621002168789,3.78504958849886,1.1255779995568,3.36276081265734,0.000771671932233724,0.0363272060677872,"AC007386.2",400958
"ENSG00000187492",26.8690751381911,2.23395031117501,0.663864126635275,3.36507158851549,0.000765238015695894,0.0363272060677872,"CDHR4",389118
"ENSG00000160862",72.0160184082927,-1.88423661157779,0.560165487522652,-3.36371421222481,0.000769011310461485,0.0363272060677872,"AZGP1",563
"ENSG00000240204",28.7005723838205,0.898858585962032,0.267175117291807,3.36430501115979,0.000767366863372512,0.0363272060677872,"SMKR1",100287482
"ENSG00000065809",2340.25101413204,0.778444823270674,0.23144435368962,3.36342110257143,0.000769828374155704,0.0363272060677872,"FAM107B",83641
"ENSG00000101230",5042.96710913213,-1.10117847447556,0.327438255538715,-3.36301105887539,0.000770972752142609,0.0363272060677872,"ISM1",140862
"ENSG00000227471",8.10428596795001,-2.23292265243597,0.664359229835317,-3.36101698021034,0.000776560512868531,0.0364928657237778,"AKR1B15",441282
"ENSG00000162998",1849.44466272227,1.14534978588787,0.341144354198641,3.35737576129125,0.000786860966874732,0.0369118141943261,"FRZB",2487
"ENSG00000160117",133.940379478186,1.08341548572341,0.322833635804259,3.35595602677631,0.000790911431996362,0.0370366170571934,"ANKLE1",126549
"ENSG00000205809",24.3109509755884,1.88558161429741,0.562247215128617,3.35365220771448,0.000797525368863464,0.0372808130760824,"KLRC2",3822
"ENSG00000110665",520.024313937813,1.74392262808687,0.520491133630856,3.3505328244913,0.000806562495335814,0.0376372288760469,"C11orf21",29125
"ENSG00000172794",499.711691969345,1.53638674113438,0.458685433929854,3.34954334165611,0.000809448906455467,0.0377058848120733,"RAB37",326624
"ENSG00000138134",541.5115993881,1.36314221068514,0.407395288036775,3.34599405224857,0.000819881543572208,0.0381252072050288,"STAMBPL1",57559
"ENSG00000104549",1022.51950323622,-1.1483465426429,0.343337626764701,-3.34465684249019,0.000823844335005707,0.0382427392094548,"SQLE",6713
"ENSG00000258878",5.57607157897061,3.7970910051601,1.13591050527391,3.34277303320165,0.000829457117489619,0.0384363215574103,"CTD-2509G16.3",NA
"ENSG00000157330",27.3434651183509,3.87273878637267,1.15889969637716,3.3417376831483,0.000832557013377322,0.0385129889261089,"C1orf158",93190
"ENSG00000211788",19.0103772446815,2.33362468966418,0.698670377434429,3.340093934186,0.00083750057197457,0.0386745281460354,"TRAV13-1",NA
"ENSG00000271978",47.2372303127761,-0.676232478013353,0.202537667043807,-3.33879859427378,0.000841415461463479,0.0387104079069706,"RP11-428J1.4",NA
"ENSG00000087494",113.038202024773,1.84435887027155,0.55246859055228,3.33839588677399,0.000842636013737772,0.0387104079069706,"PTHLH",5744
"ENSG00000101152",6252.82240311258,-0.451114257094939,0.135123247191904,-3.33853919639942,0.000842201473444888,0.0387104079069706,"DNAJC5",80331
"ENSG00000125245",130.28979932208,1.93606206820287,0.58011723160016,3.33736348920813,0.000845772577326304,0.0387209799361845,"GPR18",2841
"ENSG00000156886",48.990290413611,2.16516575580704,0.648702651468369,3.33768599666748,0.000844791594913946,0.0387209799361845,"ITGAD",3681
"ENSG00000228495",16.4273200075849,2.27250666830863,0.681359556899638,3.33525323787799,0.000852217522386839,0.0388950935738076,"LINC01013",NA
"ENSG00000091831",827.093334050234,0.707837917393867,0.212234901697692,3.33516265106157,0.000852495201617701,0.0388950935738076,"ESR1",2099
"ENSG00000092345",4.30893752191423,3.68609374312273,1.10737425707554,3.32867927854611,0.000872588247628902,0.0397437843727728,"DAZL",1618
"ENSG00000175445",1050.28816802218,-0.958036854792767,0.287968088345507,-3.32688549032317,0.00087822454405151,0.0399322405738097,"LPL",4023
"ENSG00000182179",7644.32398787185,0.670169259846302,0.201697290560343,3.32264879703876,0.000891671009036694,0.0404745724630029,"UBA7",100847079
"ENSG00000253919",5.81824522118508,1.64149577447306,0.494277860326912,3.32099797750881,0.000896961873287969,0.0406016663984177,"THAP12P7",NA
"ENSG00000236552",815.673871269794,0.823771567538165,0.248062337941708,3.32082481513877,0.000897518540389118,0.0406016663984177,"RPL13AP5",728658
"ENSG00000129194",130.297032736457,0.718249602827457,0.216440281913206,3.31846547453436,0.000905135113013007,0.0408076566602903,"SOX15",6665
"ENSG00000132142",2538.89154279221,-0.466486518231436,0.140568691514498,-3.3185662696684,0.00090480849863105,0.0408076566602903,NA,NA
"ENSG00000243466",4922.41997823866,3.36661022321036,1.01531374740915,3.31583240333462,0.000913706068307726,0.0411244901859111,"IGKV1-5",NA
"ENSG00000197846",87.9300760867473,2.83917678419964,0.856379724596684,3.31532461903715,0.000915367592001062,0.0411297967771809,NA,NA
"ENSG00000176422",822.546619428776,-0.378417195556918,0.114168623078787,-3.31454637318149,0.000917919529085764,0.0411750266876939,"SPRYD4",283377
"ENSG00000183888",34.6487794612582,-1.32780206565488,0.400818820953062,-3.31272384489743,0.000923921579783697,0.041374605871154,"C1orf64",149563
"ENSG00000081237",4751.49718768609,1.47256916444243,0.444616638545675,3.3119974305486,0.000926323967080295,0.0414125874208967,"PTPRC",5788
"ENSG00000175567",4960.75812806602,-0.992022224337255,0.299790575330022,-3.30905073731952,0.000936128710360842,0.0417808199121686,"UCP2",7351
"ENSG00000241490",26.3699023262367,2.37294622759139,0.71793101021136,3.30525662471774,0.000948894739913476,0.0421428367197283,"RP11-553L6.2",NA
"ENSG00000264198",1597.42949789686,1.83338848683942,0.554693163393997,3.30523000431713,0.000948984876405966,0.0421428367197283,NA,NA
"ENSG00000263711",13.7886699514417,-2.17614411594791,0.658352372062828,-3.30543977403674,0.000948274812527609,0.0421428367197283,"RP11-169F17.1",400655
"ENSG00000172724",3701.36781198197,2.54555108195833,0.770418801955048,3.30411339325913,0.000952772865061461,0.0422406538927831,"CCL19",6363
"ENSG00000253131",13.5378484392072,3.51847086745641,1.06614595436338,3.30017747856801,0.000966237025651921,0.0427664211769027,"IGHV7-56",NA
"ENSG00000060140",37.7791020648784,1.46499214349979,0.444857505524161,3.29317169050265,0.000990639611950892,0.043773785174845,"STYK1",55359
"ENSG00000113296",908.324083206903,1.86224745556315,0.565710752673481,3.29187212150801,0.000995228542655507,0.0439037492037351,"THBS4",7060
"ENSG00000162654",2194.6837281845,1.02548704247275,0.311747881424264,3.28947557811032,0.00100374266752541,0.0439880318687738,"GBP4",115361
"ENSG00000023445",2209.75529710774,1.28065693524804,0.389307277761311,3.28957871687472,0.00100337486550243,0.0439880318687738,"BIRC3",330
"ENSG00000102962",99.5150122184544,2.11837355316175,0.643856062270583,3.29013529156071,0.00100139222292807,0.0439880318687738,"CCL22",6367
"ENSG00000100075",4076.40840492757,-0.471165408406728,0.143178647539422,-3.29075191380755,0.000999199912787692,0.0439880318687738,"SLC25A1",6576
"ENSG00000204642",6175.46131963223,1.01288851613341,0.308033973138328,3.28823637800028,0.00100817153468495,0.0441095739600666,"HLA-F",3134
"ENSG00000211941",655.506317597603,3.36663133789679,1.02417393313068,3.28716756889695,0.00101200595129699,0.0441324035553325,"IGHV3-11",NA
"ENSG00000137841",2923.06549748825,1.52116765532273,0.462724985421664,3.28741196876704,0.00101112796355312,0.0441324035553325,"PLCB2",5330
"ENSG00000270864",5.8503518031738,3.79442304724616,1.15465144600663,3.2862064654829,0.0010154654900237,0.0442109117347737,"IGHV3OR16-6",NA
"ENSG00000213443",403.936447364391,1.2257451206233,0.373066722236148,3.28559222134912,0.00101768222196988,0.0442351432371736,"RP11-75L1.2",NA
"ENSG00000020633",1014.076133299,1.51308744237604,0.460909775316951,3.28282784051508,0.00102771408127045,0.0445984392434058,"RUNX3",864
"ENSG00000226571",15.9789697119337,3.15926039672293,0.962842236911379,3.2811817716444,0.00103373101148773,0.0447866061806353,"RP11-445F6.2",NA
"ENSG00000153789",12.5158126046203,2.01745631821248,0.615055583895393,3.28012031926467,0.0010376282447579,0.0448824749700882,"FAM92B",339145
"ENSG00000182566",30.2485383546165,-2.09330173406762,0.63859683260133,-3.27797074335702,0.00104556231817972,0.045122195835029,"CLEC4G",339390
"ENSG00000077984",513.202238582679,1.41715513835368,0.432362376194686,3.27770226176099,0.00104655721621497,0.045122195835029,"CST7",8530
"ENSG00000262222",190.672236134043,1.31411444717095,0.401064181429745,3.27656895833054,0.00105076649912048,0.0452304900954204,"RP11-876N24.4",NA
"ENSG00000224796",21.6933704633791,2.08000936319811,0.635171547212458,3.27472062047888,0.00105766516260441,0.0454540133187009,"RPL32P1",NA
"ENSG00000198911",6900.26361237956,-0.753776593936535,0.230359802800471,-3.27217068591358,0.00106725123290553,0.0457921241558258,"SREBF2",6721
"ENSG00000122025",104.146325851962,1.7536918899736,0.536131096001474,3.27101319631118,0.00107162909753317,0.0459060406813045,"FLT3",2322
"ENSG00000172116",264.444764013901,1.60948098848559,0.492384534853589,3.26874805067583,0.00108024444677073,0.0460595491582617,"CD8B",926
"ENSG00000050344",633.568900420535,0.816678837803791,0.249847619732427,3.26870769742938,0.00108039850718384,0.0460595491582617,"NFE2L3",9603
"ENSG00000160593",899.700106087871,1.42279163260846,0.435169881966118,3.26950851051599,0.00107734496411519,0.0460595491582617,"JAML",120425
"ENSG00000112651",1424.24886873127,-0.306522491225492,0.093822053228139,-3.26706228097724,0.00108669770554761,0.0462207661544775,"MRPL2",51069
"ENSG00000261690",182.240764908531,0.420464030241592,0.12870765651987,3.26681443521335,0.00108764947940917,0.0462207661544775,NA,NA
"ENSG00000235174",38.2696345966126,1.1776323991201,0.360624020864975,3.2655406489437,0.0010925532307482,0.0462815275568931,"RPL39P3",NA
"ENSG00000073861",212.251103283336,1.39995123262546,0.428649691570247,3.26595646784932,0.00109095019089316,0.0462815275568931,"TBX21",30009
"ENSG00000211799",21.7648537978147,1.86983094520669,0.573055399046534,3.26291480425412,0.00110272664636078,0.0465644239180394,"TRAV19",NA
"ENSG00000140853",4492.57659113503,1.13363068915486,0.347383454015269,3.26334106029422,0.00110106925156733,0.0465644239180394,"NLRC5",84166
"ENSG00000249096",155.782897563646,1.96362078295323,0.602121848490778,3.26116846262107,0.00110954099475206,0.0467071358922104,"RP11-290F5.1",102723766
"ENSG00000211792",10.694606663265,2.80247132830075,0.859350566050959,3.26115026743878,0.00110961219815234,0.0467071358922104,"TRAV14DV4",NA
"ENSG00000064999",4079.89591642483,-0.474696166346896,0.145735427209752,-3.25724619905688,0.001124988118312,0.0472052100983044,"ANKS1A",23294
"ENSG00000187323",8.97473981274498,2.60854412740464,0.800765389817035,3.25756352681609,0.00112373102690215,0.0472052100983044,"DCC",1630
"ENSG00000095209",1146.63037692763,-0.653248886192171,0.200586534658206,-3.25669361258616,0.00112718028895714,0.047222828300728,"TMEM38B",55151
"ENSG00000115073",5406.74943280465,-0.260148243507999,0.0799098813305189,-3.25552033336137,0.00113184791570753,0.0472747170666503,"ACTR1B",10120
"ENSG00000131446",12594.9776155391,-0.40648038129041,0.124894056361415,-3.25460148491093,0.00113551581620027,0.0472747170666503,"MGAT1",4245
"ENSG00000140564",10330.4404525575,-0.666592074275842,0.20479464942137,-3.25492915053806,0.00113420656717133,0.0472747170666503,"FURIN",5045
"ENSG00000131401",655.822786281929,1.80101450965587,0.55323513304831,3.25542324062525,0.0011322349766739,0.0472747170666503,"NAPSB",256236
"ENSG00000198542",930.845341387216,1.71500770195593,0.527046148586271,3.25399911669254,0.00113792633618428,0.047301165721732,"ITGBL1",9358
"ENSG00000229754",67.8730242529203,2.29479272279986,0.706161452073952,3.24967146827429,0.00115538401008521,0.0478774602623958,"CXCR2P1",NA
"ENSG00000206579",84.8819784093801,1.68659268480642,0.518970592503036,3.24988103212525,0.00115453296119568,0.0478774602623958,"XKR4",114786
"ENSG00000162676",313.828975727995,1.28175383675472,0.394620986349129,3.24806303033444,0.00116193528214805,0.0479132546776794,"GFI1",2672
"ENSG00000179564",12.8617948998181,1.09530378591169,0.33713435824409,3.24886431515436,0.00115866731785524,0.0479132546776794,"LSMEM2",132228
"ENSG00000102970",16.5673940874337,2.51375544412794,0.77380832296535,3.24855053832305,0.00115994601374085,0.0479132546776794,"CCL17",6361
"ENSG00000105677",3576.71575348663,-0.550041976398005,0.169363822519878,-3.24769462695286,0.00116344063713487,0.0479132546776794,"TMEM147",10430
"ENSG00000178952",7145.69331817037,-0.406533186395322,0.125360613971286,-3.24290998198555,0.0011831558648973,0.0486499815126368,"TUFM",100616256
"ENSG00000075223",599.918887013807,1.67058463120774,0.515246935496526,3.24229901454506,0.00118569547482667,0.0486792849410734,"SEMA3C",10512
"ENSG00000163536",391.137988467433,0.851957858877407,0.262924610035532,3.24031234186208,0.00119398833944571,0.048944337391586,"SERPINI1",5274
"ENSG00000176083",105.999395109902,2.03337583789083,0.627867090204109,3.23854501950375,0.00120141058526566,0.0491729416964724,"ZNF683",257101
"ENSG00000186466",20.8279912056944,-1.61669412886906,0.499368348095494,-3.23747817624978,0.00120591162706155,0.0492059958699156,"AQP7P1",NA
"ENSG00000229092",8.70507890749628,3.38354140713624,1.04500930780971,3.23780982796027,0.00120451071331179,0.0492059958699156,"IGHV3-47",NA
"ENSG00000160194",1989.19957479852,-0.322414266076328,0.0996095631552219,-3.23678024341808,0.00120886464875104,0.0492510681436871,"NDUFV3",4731
"ENSG00000158716",1376.54976329551,-0.586140161613595,0.181118161965815,-3.23623073054499,0.00121119438970637,0.0492706481125592,"DUSP23",54935
"ENSG00000136653",2456.56445443937,0.954786330859387,0.29526887983748,3.23361653075297,0.001222334578895,0.0493839910458838,NA,NA
"ENSG00000115165",1180.92445382308,1.41590928725334,0.437900621314165,3.23340323885386,0.00122324766711515,0.0493839910458838,"CYTIP",9595
"ENSG00000179344",3075.81370273118,1.54485616668966,0.47773166896688,3.23373196093635,0.00122184069263796,0.0493839910458838,"HLA-DQB1",3119
"ENSG00000102466",241.322957378413,1.59273739330245,0.492456094197953,3.23427288659406,0.00121952871153532,0.0493839910458838,"FGF14",2259
"ENSG00000245719",4.7482265951286,-1.80570660521437,0.558271329793995,-3.23446057292729,0.00121872746234468,0.0493839910458838,"RP11-34F13.2",101929076
